MAE,RMSE,SFN,MAPE
216.51094,307.3177,1.7846458,0.4951916
360.37018,456.09222,1.9155028,1.2093304
126.14778,196.2195,1.203193,0.34705654
357.32666,456.2143,1.9396362,1.1773485
118.340706,174.51244,1.1061301,0.35051748
234.31009,329.64297,1.5396497,0.734512
110.21295,166.14691,1.0586989,0.29234973
218.19557,311.1268,1.5043252,0.6807001
109.93926,164.36305,1.0869982,0.29773667
223.26091,309.1275,1.3972547,0.7351537
118.82349,180.29857,1.1012974,0.26950064
239.1247,319.61087,1.4270756,0.7910071
125.45967,189.7366,1.129786,0.27726316
250.14333,312.61816,1.3217065,0.8642174
97.10085,147.86452,1.0100094,0.23764187
219.56468,281.6258,1.2705443,0.7585932
119.40743,172.299,1.0397142,0.28782994
221.96712,279.38855,1.2511456,0.7505064
110.215034,168.53226,1.0593685,0.25058654
252.43947,320.1141,1.3949959,0.816611
112.873795,170.69215,1.0591735,0.25627095
220.69664,281.95425,1.3413477,0.70986056
108.98448,157.2866,1.0152888,0.30103362
190.92194,259.02032,1.257283,0.64436203
112.45261,174.65634,1.0648457,0.24463822
195.86063,241.03687,1.1547184,0.65437627
91.1687,133.84889,0.97983205,0.23480174
173.726,216.92792,1.0742235,0.5713094
109.84141,173.29675,1.1080065,0.2360859
145.20317,187.77953,1.038547,0.48816404
92.88299,139.20761,0.97261226,0.23997708
108.67311,145.3188,0.92959243,0.34821203
90.97184,141.34937,0.96924573,0.2144368
139.70091,181.5363,1.0366123,0.46474314
95.77715,148.30629,0.9875293,0.22029516
127.38604,178.35245,1.0269554,0.43921107
87.91948,132.29567,0.9585217,0.21427247
195.24129,249.18697,1.2918396,0.60395116
90.656425,142.68443,0.97239244,0.21212438
196.20705,269.68347,1.432682,0.59944046
96.012215,134.00487,0.9412266,0.2883
115.71203,161.65323,1.0460985,0.33767527
135.78593,205.30565,1.1992197,0.29187304
368.5453,465.36862,1.9967664,1.2108204
125.05514,188.413,1.1783583,0.27085695
139.09058,191.13547,1.0886989,0.4442583
89.191864,135.15193,0.938107,0.24846043
107.12328,153.39563,1.0189321,0.32738158
78.26816,110.9183,0.9024836,0.21727854
271.94687,367.25076,1.7863922,0.7669111
123.36721,182.5401,1.1448312,0.35178682
103.707565,140.81194,0.94237006,0.31306642
83.220764,119.373146,0.983865,0.21405423
279.20956,382.423,2.0269897,0.7887274
92.37337,129.79991,0.91939366,0.27673084
99.59901,139.19017,0.9430523,0.2862326
87.498146,124.68817,0.99300456,0.2325779
235.16063,326.48062,1.596906,0.6424488
249.48312,320.3435,1.5976077,0.7418081
95.75797,138.6008,0.95498645,0.2688039
87.06121,128.05977,1.00575,0.23726875
176.3155,248.16345,1.2992697,0.50337464
91.603645,131.03539,0.90231025,0.27999622
98.61231,137.4458,0.91733015,0.28693444
134.57602,187.45216,1.1484649,0.31422737
274.65775,386.92007,1.9825368,0.76577055
227.73766,322.64648,1.951252,0.6724173
95.99298,137.18726,0.9244406,0.26879963
136.18336,190.56892,1.1213319,0.4134726
208.35115,292.92462,1.4809513,0.5984866
121.51605,183.9916,1.1681188,0.34258094
101.31636,141.0637,0.926861,0.30618882
80.85111,122.59277,0.9550061,0.21329959
205.49673,277.72202,1.3873503,0.5756404
147.4988,201.36005,1.1757545,0.43601513
92.08321,135.63347,0.9179619,0.24254732
89.48437,121.38231,0.91970897,0.27816048
193.08238,255.18152,1.2531759,0.55632734
149.46242,204.92839,1.1494629,0.45861155
86.606094,127.8863,0.8946998,0.2367001
77.93167,115.54592,0.90618074,0.20247425
226.37932,323.30396,1.5175409,0.63159746
127.164215,167.56302,0.9590834,0.41285145
82.12996,122.56548,0.8927687,0.21490051
86.36806,124.55359,1.040981,0.23253225
141.50458,194.63579,1.044507,0.42296892
131.19092,183.4087,1.0636835,0.3666146
102.63749,136.36417,0.9312322,0.31702462
112.04313,167.96635,1.0880871,0.29885313
230.76674,324.26724,1.6899021,0.6064098
311.33807,397.6811,2.1936624,0.9057394
106.00343,148.09828,0.9313928,0.338281
91.70914,128.08466,0.88626087,0.28652987
174.1688,238.08858,1.1173588,0.53175807
299.88834,377.63022,1.807965,0.9023227
109.5777,186.87366,1.0938814,0.30183163
103.545006,162.07603,1.0022981,0.26391158
192.8901,249.07773,1.2701983,0.57966083
85.241806,126.113754,0.89587665,0.2697787
89.6221,132.06105,0.8989758,0.258176
86.96624,127.16042,1.0193241,0.2520346
176.96739,239.76393,1.2150447,0.5019699
144.71312,196.16705,1.1507508,0.42299426
93.927345,131.49696,0.903237,0.270347
87.418915,124.45131,0.9099303,0.25038528
119.22489,163.00809,0.96434337,0.35604724
81.1251,117.62963,0.8964201,0.21615182
110.93859,147.57793,0.9273224,0.35636023
125.42475,169.41452,1.0861515,0.3413457
156.7876,214.796,1.118099,0.44099677
152.82721,222.23216,1.3098361,0.40349722
102.018326,142.45633,0.94350445,0.30480245
87.67211,121.86644,0.9004028,0.26680768
142.3029,201.21353,1.066757,0.4230725
82.02392,120.79137,0.9024665,0.23907222
99.12135,137.1865,0.9426962,0.29581174
140.08298,204.2931,1.1940453,0.36262813
135.55347,199.94878,1.065439,0.3969742
160.90952,235.00676,1.3487104,0.4322114
93.86971,137.04108,0.91240644,0.27394468
77.797615,116.243195,0.9143713,0.20554428
187.01805,250.06615,1.1648953,0.54047346
124.464134,174.72154,1.0823724,0.34805226
90.91953,128.0594,0.94783056,0.2678971
88.60228,135.2473,1.0733358,0.21588063
179.70209,247.12425,1.1880133,0.544386
98.78441,144.68352,0.9669471,0.3018738
86.60462,125.219124,0.91719115,0.2612705
78.72646,117.83776,0.87706375,0.23581913
195.26494,274.78662,1.3010983,0.5580918
85.9881,124.722855,0.924791,0.2537554
79.67888,122.79522,0.9054692,0.21133408
121.395164,177.34737,1.0801928,0.33279246
99.983116,141.9365,0.9084347,0.29478556
159.30399,235.58102,1.3752555,0.41472575
83.92951,121.32855,0.86684215,0.2447854
102.87864,141.64153,0.91074574,0.28167108
166.32901,240.20604,1.263298,0.4730523
298.06927,381.36438,2.1202228,0.85037935
105.91074,163.84128,0.96887434,0.30609453
112.51468,183.45009,1.0907776,0.36541316
157.9428,220.37904,1.1898237,0.46433318
126.69053,178.49126,1.0622673,0.36832538
83.93318,124.34048,0.9167429,0.23005956
77.43808,114.20336,0.88259816,0.22531067
170.32129,237.5282,1.2287836,0.47919545
124.76162,175.51837,1.0462728,0.35451004
113.87537,166.98865,1.0437788,0.32817292
88.70473,130.92076,1.0538409,0.24974735
204.79646,298.88498,1.3500597,0.6316237
122.27655,185.03195,1.1686394,0.34917513
91.9585,133.88612,0.8956287,0.24845006
80.915825,113.6236,0.8646486,0.24196407
211.03069,286.9034,1.3476666,0.59871644
86.513336,127.74475,0.9102496,0.24029289
90.35623,123.796234,0.87346876,0.27772605
119.27629,174.05098,1.0766765,0.31387368
123.97212,178.26187,1.0425973,0.34911454
167.96042,239.29018,1.3281553,0.4614132
108.808914,150.78944,0.91938597,0.3489455
82.22644,121.275215,0.97826576,0.2245168
185.27042,250.17867,1.1985857,0.53978014
292.29813,367.46466,1.8797829,0.8785161
113.38458,171.15514,0.9637388,0.33055854
113.20102,164.39413,1.0186703,0.32735002
120.3445,171.54512,0.99885374,0.36096245
78.81375,114.04591,0.8545588,0.22714727
97.51557,128.99945,0.8664379,0.30453143
155.03102,230.42166,1.1952503,0.43095624
122.3445,171.36046,0.9850143,0.36699164
118.83549,180.60947,1.1844903,0.3228888
80.835785,114.50899,0.85679454,0.2337982
72.2736,108.948074,0.84388554,0.18507026
194.51172,263.54163,1.2427633,0.57000947
76.60774,116.06742,0.8955673,0.21234924
93.87915,127.62891,0.8844421,0.27686843
162.44153,245.11548,1.2987213,0.41850394
127.04917,178.54079,1.0207387,0.36775324
118.197945,163.09297,1.001542,0.33840665
89.2467,123.358284,0.8554454,0.27000225
72.42098,107.7364,0.8535583,0.18633884
169.39655,231.41196,1.1754711,0.48385125
142.32986,200.68349,1.1602529,0.3982345
96.642235,129.77206,0.9019652,0.28915006
77.8105,118.21417,0.8711164,0.21594788
183.63704,247.70715,1.1477,0.54357326
249.10754,349.8225,1.9512488,0.6457455
99.711494,149.65736,0.9555185,0.29812884
78.55819,116.89133,0.87983,0.1988212
107.1866,162.48094,0.9764121,0.31694916
130.5076,177.5257,1.0518056,0.3984463
79.36829,117.7582,0.8579589,0.2123445
115.96766,178.92876,1.0952852,0.30766398
143.68185,200.1524,1.0498407,0.40858233
164.32254,238.78299,1.3587434,0.45008925
77.982506,116.3748,0.8715224,0.21671914
72.545296,108.414665,0.8398137,0.18670541
144.9313,196.83661,1.0238602,0.4286977
71.67369,105.10566,0.8449722,0.18964876
77.61159,121.03712,0.85550666,0.19636647
95.20838,134.83917,0.9133743,0.29983544
145.52614,201.5109,1.0424339,0.42164284
192.62094,279.06073,1.5423102,0.5055687
91.61101,129.10402,0.89114195,0.26244834
85.37159,130.50598,0.97766936,0.23417422
160.79497,218.15369,1.1113589,0.47720948
272.8999,335.5103,1.682538,0.8199856
90.61987,132.38927,0.8804884,0.25192216
133.35245,194.81773,1.0908556,0.37583664
95.762505,141.89421,0.93227863,0.2839861
243.02461,314.19376,1.4463496,0.7297993
87.07489,127.761925,0.90040374,0.25212303
78.91238,117.43161,0.8838042,0.20426823
116.75953,162.2504,0.9329995,0.34410527
77.74358,115.5921,0.86510074,0.20548718
81.54415,119.78878,0.86997336,0.22309431
95.423515,143.73462,0.9496295,0.2518597
98.01005,145.37202,0.91488135,0.27665174
108.27827,150.23868,0.9352267,0.31933254
86.654495,121.84512,0.84240544,0.25850555
73.32383,114.925896,0.8735421,0.20044717
124.41393,169.47449,0.94876075,0.36438414
256.21982,346.18488,1.81018,0.6821939
82.72537,133.34926,0.91001666,0.2130049
188.14906,254.34996,1.3626205,0.5794885
80.359604,123.51398,0.8518751,0.20051394
84.8338,127.62395,0.91178674,0.23841599
87.96448,120.47664,0.8390177,0.2722891
85.03971,123.31211,0.86439806,0.24395001
166.90503,233.45932,1.1392895,0.4698738
125.90148,179.42616,1.0958577,0.34884143
75.34232,109.82643,0.8504728,0.2143883
75.927216,115.64738,0.9093627,0.205955
107.16993,152.67183,0.91958296,0.30315104
208.72287,289.28674,1.4972465,0.55593765
86.61278,135.06323,0.9005848,0.25950292
84.95481,121.25674,0.86247194,0.2543656
209.75494,278.21094,1.3788264,0.62169504
138.38298,189.94342,1.0473043,0.4041478
87.78882,122.585556,0.85600615,0.25612593
80.147575,115.570564,0.85083276,0.23485221
114.19207,161.44283,0.93146014,0.33064345
91.81676,133.72159,0.9204143,0.2564892
87.51115,127.69439,0.88376355,0.24462323
109.63287,165.7005,1.0618982,0.27182275
116.29445,167.8561,0.97927475,0.3530747
76.65567,115.44408,0.8478758,0.20984587
92.19735,128.1737,0.8581689,0.2704373
113.0112,171.32315,0.99770933,0.2934419
112.63025,161.2403,0.96499217,0.31932008
144.20148,201.21556,1.1669419,0.40199456
91.34868,127.653076,0.86048216,0.27850518
78.40844,128.16884,0.8531443,0.20776415
186.78271,251.07985,1.1762364,0.5534476
130.32448,186.30016,1.0843225,0.36028776
83.11289,117.5333,0.8421751,0.25364733
114.212265,169.55664,1.0344311,0.31167716
175.83307,231.43729,1.1239625,0.55992246
200.07933,262.53714,1.3424406,0.58308715
87.5583,124.71545,0.8698911,0.28426215
77.48016,123.31241,0.8658762,0.18966654
97.38541,140.4794,0.8871258,0.28141665
249.54425,317.1227,1.5469103,0.75058293
78.31909,120.86367,0.8693279,0.21302126
77.799706,121.22698,0.9048902,0.19858067
112.40385,155.63857,0.91749525,0.33882752
92.61107,134.16019,0.8855534,0.27190575
82.686066,116.37818,0.85883427,0.24516833
158.27357,233.09218,1.2712305,0.42579105
84.69218,129.51643,0.8776022,0.23262598
89.027824,131.95221,0.91956794,0.26114342
87.960045,124.98593,0.88415635,0.25754833
80.49793,117.87718,0.8567162,0.21557668
101.93241,145.53773,0.8945408,0.2992232
86.85628,121.56647,0.86695004,0.25956768
85.93945,120.4714,0.8506125,0.25803944
70.68255,106.88777,0.81794685,0.1922498
84.509636,124.30442,0.8477329,0.24006745
90.34128,130.75256,0.91805875,0.27121505
75.86145,113.17822,0.83329964,0.21609317
71.99443,113.0563,0.8497188,0.19951479
133.35509,189.68092,1.0073344,0.40226826
189.0816,245.44986,1.2366328,0.54835445
78.10416,115.36455,0.8444067,0.2137281
78.4001,116.14083,0.83278036,0.1982281
93.58312,134.75897,0.8679482,0.25738093
178.79813,240.23059,1.2647638,0.49566877
87.03144,120.90922,0.85620517,0.2566057
160.85889,227.13037,1.1547792,0.48662812
86.58913,129.68169,0.8703551,0.24362992
283.49496,359.52448,1.6208372,0.84035015
76.37387,120.212776,0.8733692,0.19410051
82.136566,127.66996,0.86214864,0.19247364
95.47577,136.04346,0.87596714,0.27346015
94.53822,152.63493,0.93037784,0.21385956
80.05171,121.55155,0.8413154,0.2235945
102.07409,157.96707,1.0395879,0.28934827
137.109,188.32085,1.0208061,0.3974479
170.58911,263.71967,1.4581169,0.4671213
83.00085,128.99164,0.90526795,0.21158786
94.46964,142.52888,0.91410935,0.26122954
191.90598,265.62558,1.3291748,0.5994432
94.08388,136.18184,0.90636826,0.28938976
85.92143,127.83785,0.88396525,0.23610193
82.09955,118.995514,0.90406394,0.23289548
126.15653,168.60246,0.93939793,0.39283052
149.6975,205.61331,1.1309066,0.42055762
82.01126,119.22645,0.832308,0.25195006
97.17546,143.70642,0.955143,0.25312653
121.796234,165.43655,0.96284413,0.362631
209.90833,260.50473,1.1847684,0.6692032
88.70219,123.29251,0.8805126,0.27652544
75.01211,119.02087,0.84247375,0.19359693
131.84871,175.32259,0.9566914,0.3938441
80.40712,123.391205,0.8592844,0.21677478
79.49839,117.970406,0.9000486,0.21486673
120.836655,174.17484,1.0142958,0.3247904
108.737656,152.3932,0.9373672,0.31751418
119.2125,158.04083,0.9340178,0.36629978
92.52515,128.02199,0.84023297,0.2939525
88.22226,130.76772,0.9052651,0.23559596
111.18967,151.87979,0.9175207,0.33237857
122.56995,168.92209,0.9884106,0.35518572
84.12639,119.687965,0.83771944,0.25965664
86.45818,140.50606,0.8792269,0.20357767
115.74885,158.16098,0.92445236,0.35854557
130.96562,180.81615,1.0382714,0.37849653
81.040405,120.972275,0.8658064,0.23011692
126.21053,197.8624,1.1266813,0.35004482
109.26446,157.94873,0.9518101,0.33817548
276.8825,354.0657,1.6584082,0.8431068
81.06382,123.9641,0.9081476,0.20945957
84.5337,130.36975,0.9072578,0.2062267
86.578125,127.2287,0.8655789,0.24407712
88.24614,141.88129,0.9160718,0.204312
82.020645,125.19557,0.8664287,0.22355807
83.51935,122.531456,0.90143925,0.25036588
106.15425,148.13603,0.92452556,0.34447852
95.86056,146.05518,0.97864234,0.2975466
74.51942,112.894516,0.86360717,0.19604987
73.24659,119.7174,0.8724376,0.18859534
81.085014,124.39639,0.85871094,0.23062637
112.16617,156.39958,0.9349874,0.34783936
80.265915,119.6775,0.85961956,0.24644955
95.24137,138.45323,0.9795105,0.25902182
102.327934,142.18132,0.8957632,0.29782435
72.69382,111.50768,0.83405757,0.18911631
77.59266,118.197426,0.8307148,0.21782954
75.0773,123.43742,0.84050393,0.17781012
151.78784,200.12187,1.0270376,0.4686907
137.11821,185.18027,1.0560112,0.39896527
75.36792,115.86523,0.8373528,0.21096128
69.854805,107.24547,0.8384166,0.18020387
74.43863,111.528915,0.85100543,0.21563947
106.41346,146.64171,0.8911661,0.33711568
110.17206,159.5052,0.9862172,0.30405548
75.90237,121.16376,0.84642565,0.21122628
132.86804,179.24077,1.0201712,0.39850563
94.461784,141.29193,1.1423464,0.2525237
72.20919,113.80663,0.84625375,0.19188978
73.70877,119.44948,0.85983634,0.1899294
80.33022,125.653694,0.86496925,0.19364166
76.58468,122.86648,0.84147954,0.18639718
75.91497,115.75777,0.87074196,0.20991273
100.35826,150.53476,0.93284094,0.2989712
88.36518,132.07304,0.9176308,0.24129193
79.60366,119.53345,0.8437439,0.22990137
110.26603,161.72292,0.9972804,0.3279795
85.02099,131.08093,0.9512453,0.25462988
78.93608,120.81627,0.8584111,0.22506668
78.344284,127.30555,0.8644079,0.20001459
120.20581,184.73384,0.990479,0.27072892
82.421394,126.02867,0.85416543,0.20851944
90.82206,140.07645,0.8953086,0.2647091
102.002106,155.06055,0.91614056,0.24235304
83.10468,126.14923,0.886449,0.21151063
93.33828,146.08311,0.91648644,0.2172501
191.57666,240.43541,1.1961052,0.5943558
87.58919,134.3268,1.0590999,0.24586621
72.94769,109.87697,0.8243126,0.20443654
73.82562,115.31668,0.83009744,0.18416466
73.04208,108.01557,0.86934054,0.18952931
100.80553,144.68274,1.0004586,0.28498292
105.697525,152.1025,1.0264492,0.3209677
95.05194,136.07713,0.8810621,0.28704575
83.42227,123.652214,0.8655417,0.23082203
76.17863,118.154854,0.8343196,0.20047748
80.37489,117.21749,0.85208404,0.22299153
88.31542,130.0116,0.9998534,0.22654013
97.64995,132.9096,0.92125976,0.29696745
85.48105,121.79422,0.88063973,0.22643854
121.51156,169.36438,1.047879,0.31554472
109.62511,148.76076,1.0014877,0.3225907
112.252235,160.6901,1.0030372,0.3114979
87.3096,131.85841,0.87309647,0.23773994
84.809906,126.06743,0.8666918,0.23429063
74.24953,115.685074,0.84046566,0.1926551
96.71695,136.54874,0.9162464,0.28644386
113.22097,165.3845,1.3232322,0.29279634
79.623924,112.82863,0.8278377,0.24186808
93.69666,160.28069,1.006877,0.21158117
127.442825,188.10841,1.017169,0.29685873
80.91134,127.595375,0.8502259,0.19181688
141.4789,238.06956,1.4133908,0.3256974
135.95995,183.99356,0.9923531,0.36466333
97.62002,153.95335,0.92549175,0.29429516
90.54864,125.72898,0.8661876,0.28299484
76.51949,121.24613,0.85857046,0.1915593
118.83055,174.87247,1.3926598,0.31158975
78.07304,118.61966,0.844841,0.22004306
93.348526,136.14442,0.93819666,0.25511903
79.31676,119.87098,0.8369957,0.22532788
88.94957,134.66878,0.9090166,0.24701594
108.20434,155.68506,1.0112231,0.31324518
97.90894,138.76399,0.91373193,0.28706288
84.7377,129.68945,0.88018906,0.20998374
89.71352,149.46555,0.9318025,0.21027857
176.5252,254.7795,1.3906572,0.48355514
87.67539,136.76718,1.0804796,0.25441742
78.9978,122.88193,0.88213027,0.20407796
77.63054,119.4562,0.85735285,0.21334139
132.13853,208.96547,1.128995,0.28497255
82.875206,127.07843,0.88934666,0.20610453
108.16796,150.39551,0.95590395,0.3300137
86.87322,129.04327,0.8823946,0.24716355
103.96165,160.15244,0.94804645,0.28096405
107.032234,178.65913,1.004354,0.22608463
266.24377,320.65265,1.4817317,0.8865447
108.44673,172.92488,1.0251625,0.28888792
94.13416,148.68471,0.93583804,0.21609367
86.12671,140.61339,0.9447136,0.21298485
86.077286,128.23616,0.92459464,0.21652976
79.81933,116.700615,0.87338436,0.23125571
85.53766,143.0798,0.9459733,0.1945394
78.83003,123.7105,0.8794271,0.19066459
101.0056,147.9547,0.93029463,0.27431923
80.57731,119.57432,0.9041461,0.21167684
91.073265,149.73085,0.9747908,0.2038565
89.91255,131.6632,1.0710692,0.23366769
71.46065,114.42939,0.85368806,0.17990948
103.63743,148.15927,0.9368618,0.2645149
188.10684,236.3475,1.1107562,0.56272894
73.75531,111.65189,0.8659132,0.1834102
85.60179,123.11228,0.89900833,0.2572016
87.24325,137.63026,0.9104282,0.22381286
81.03854,119.265495,0.88587487,0.21174437
75.31864,111.69848,0.863972,0.198363
75.97355,110.564995,0.8595849,0.22154827
80.57422,118.56394,0.9403275,0.22363947
74.513695,113.92565,0.8550074,0.19040826
75.77203,119.7561,0.85021865,0.19032371
107.038345,172.08276,0.9923524,0.23559989
73.543,114.85568,0.88112485,0.1970932
79.453926,124.30357,0.85278547,0.21368876
79.39411,125.62986,0.86407626,0.19186407
89.96974,138.5406,0.9017503,0.24642228
76.192635,117.0445,0.8519221,0.20171557
90.10231,132.54727,0.92513776,0.2557848
137.44269,183.64621,1.0431776,0.43366352
87.83083,131.92862,0.8807298,0.22338799
115.72991,157.34908,0.9283694,0.36886743
138.84428,202.13652,1.1630297,0.37290886
113.489944,164.19576,1.012063,0.33220142
75.48987,113.760704,0.8509387,0.20000915
81.929245,126.89856,0.8706168,0.21320203
113.57348,160.5595,0.99138355,0.3190742
83.28502,134.11836,0.87340546,0.20524181
149.71368,195.47385,1.0569685,0.4521917
143.06078,200.88452,1.0861577,0.33492362
75.45719,118.71341,0.8808594,0.19607522
81.135735,134.82384,0.92141837,0.18853068
81.49482,118.98475,0.8680198,0.2145589
74.56188,114.68466,0.8413011,0.18584411
84.225525,141.80388,0.9081118,0.19878656
82.63461,125.106224,0.8499181,0.2085178
98.92601,144.37697,0.9136555,0.27158737
74.11779,112.85866,0.8467337,0.20525302
82.23152,122.2248,0.8874755,0.23186283
101.11185,135.61398,1.053089,0.27239445
155.02885,208.75496,1.2097567,0.5063039
125.048164,157.31998,0.94726205,0.41265014
78.24617,121.178566,0.9058596,0.19640563
72.065544,113.10989,0.86767685,0.18206427
84.53562,122.35764,0.91561055,0.24651735
76.8838,119.26019,0.838048,0.19474497
91.03009,136.63957,0.90867805,0.24058656
84.72975,135.47824,0.8743362,0.19740413
109.72925,149.7047,0.96007437,0.31823775
107.38447,162.2308,1.2828546,0.26739287
87.143524,131.17772,0.89814657,0.24351326
79.051605,118.42456,0.84885037,0.21475787
103.060974,138.17923,0.87180734,0.31319168
84.46258,126.13451,0.9337669,0.23110446
74.62135,111.9517,0.8384303,0.20525335
82.07656,134.95976,0.862718,0.18752252
91.923904,134.67978,0.8780732,0.24633798
92.66744,150.14613,0.9048791,0.20733693
139.93767,180.85753,0.9870796,0.42756447
88.87374,130.98296,1.1041472,0.246839
86.1118,124.091675,0.895381,0.2546536
82.48039,137.04713,0.91450953,0.19764878
127.62463,196.42151,1.0371472,0.2852942
78.221146,125.27148,0.89888316,0.19906352
130.38107,225.21916,1.2514411,0.2561391
117.011505,159.95062,0.95188326,0.3192427
93.965164,148.75954,0.9228128,0.2704197
86.18937,135.10135,0.89964634,0.2469705
75.198044,114.10839,0.84482646,0.20538391
96.923035,144.49506,1.2747793,0.24979891
80.52289,121.745056,0.8786281,0.23026574
84.9248,122.72942,0.8611281,0.24781862
75.23912,116.17743,0.8633884,0.18792549
105.5451,155.86789,0.9990529,0.27443218
108.38609,150.20433,1.045147,0.32987833
80.90899,120.324715,0.8658688,0.22277462
118.51468,169.11194,0.97966003,0.32404122
76.06265,124.814964,0.8503374,0.19687074
107.42868,152.62903,0.98587286,0.30503374
101.516464,152.93617,1.1714885,0.27794728
84.182594,124.98857,0.88041687,0.2410169
79.54499,120.962326,0.8674597,0.21735348
74.85427,111.738235,0.89289224,0.20086774
84.25795,129.45265,0.87134194,0.2233717
82.3874,133.99875,0.8554819,0.19474472
71.04497,112.91547,0.8269049,0.18614301
95.876564,135.91124,0.87591696,0.27554184
87.14723,139.21158,0.8815323,0.2062777
79.14917,118.56849,0.8632431,0.2098064
123.85298,185.78638,1.4332303,0.3005194
80.006355,116.84172,0.85827076,0.2357669
73.17074,110.595566,0.82319456,0.20277636
71.95276,110.63417,0.8268389,0.19096303
76.67557,122.01169,0.8542042,0.18009165
90.39861,135.3717,0.9370812,0.23999514
105.31372,143.35304,0.86290324,0.33636382
105.917915,151.20827,0.9310285,0.28951713
83.81802,138.12086,0.86528397,0.20170744
106.705444,143.93272,0.92160726,0.31968418
111.149155,164.91853,1.2473812,0.27870294
82.630066,133.23637,0.88752186,0.20357434
88.26133,152.63774,0.9633146,0.19324294
140.6744,210.11449,1.1013064,0.3130495
83.78123,133.04262,0.8715865,0.20447616
80.11977,130.12512,0.84693193,0.21441425
83.915596,137.06943,0.8835545,0.20164326
82.546974,138.82385,0.9175724,0.19854325
94.392586,136.55348,0.87945545,0.2478452
112.42512,155.25327,0.9746657,0.33866376
74.979065,115.09728,0.96391535,0.19537832
77.63126,114.14047,0.8610894,0.23480234
71.90182,109.518,0.8361093,0.20502472
73.075134,112.10815,0.8856881,0.20092167
149.7013,207.1748,1.172174,0.4177468
124.02257,170.53665,1.0361998,0.39058387
94.2628,150.63585,0.91372234,0.26143613
95.03453,136.31775,0.9663403,0.2640993
77.46308,126.19014,0.8541876,0.19156525
84.808495,124.45735,0.8815996,0.23505318
122.01494,169.9038,1.0524554,0.33958825
95.171555,152.44078,0.8974289,0.21048531
79.1855,119.51843,0.83800805,0.21949284
86.17573,135.74971,0.8743136,0.20276365
78.9757,129.93018,0.87253094,0.1916039
83.015274,129.33904,0.91670257,0.21873207
95.24862,141.89717,0.89649093,0.28666314
81.82454,123.700485,0.8858877,0.22121155
92.29254,152.48994,0.8983593,0.20570286
214.37029,259.79745,1.258985,0.67401785
91.875496,142.81999,1.1307205,0.24526446
79.88897,121.23669,0.8924429,0.21936953
80.97895,129.51385,0.8901305,0.19936945
79.18818,123.771706,0.8646864,0.18556519
79.545494,120.35537,0.93154067,0.21004291
119.23013,194.76778,1.1734021,0.29503444
122.05862,168.03232,0.95349807,0.3153604
95.427345,154.21767,0.95372087,0.26410168
77.316605,117.95443,0.87374544,0.21447037
79.60326,118.793236,0.8779079,0.22823212
93.36837,138.02403,1.1878076,0.24992056
82.61038,113.62679,0.8565418,0.26612097
73.54484,114.01396,0.84405667,0.19101974
80.94689,129.67177,0.8736943,0.19863857
75.68262,120.732925,0.87411165,0.18770869
77.07718,118.4482,0.90985954,0.21424958
78.31559,125.23469,0.8636893,0.20444618
81.086525,123.81476,0.86497617,0.22303936
77.59609,122.91752,0.8463142,0.19321519
116.236626,163.18045,1.0096872,0.3300362
118.03627,174.14833,1.1828332,0.32626447
111.39284,171.00668,0.9595722,0.2467228
89.795876,124.99001,0.8731134,0.27477646
112.91889,171.77579,1.0453167,0.28716135
88.95592,129.97162,0.9154627,0.25175422
104.71381,161.21628,1.0914263,0.2775435
113.20548,174.91931,1.0478797,0.3302763
89.06866,131.83801,0.8960712,0.23153712
83.123055,133.72968,0.86907655,0.19263601
126.841644,170.74232,0.99183464,0.38217238
98.136856,137.23727,1.0006287,0.26141644
78.73849,113.96386,0.8980814,0.23127887
78.062965,122.71596,0.87665653,0.18975326
74.6379,114.871925,0.8629546,0.19297095
73.735886,114.07567,0.90745956,0.19082235
89.40973,124.67367,0.84954405,0.28161457
80.090775,127.12942,0.86409754,0.1952047
80.473335,119.2127,0.87272,0.2163866
76.66286,114.30442,0.8516221,0.2018091
76.94335,116.227455,0.86145705,0.20174408
97.09729,138.87894,1.1183819,0.27555957
89.97933,123.49008,0.89414966,0.2848166
72.406136,107.93512,0.83845305,0.18982789
73.90966,113.597275,0.8349343,0.18285339
67.984116,103.24978,0.83772665,0.17289017
78.41729,129.38037,0.8500246,0.19239688
85.62821,139.46326,0.8940743,0.19226281
111.21242,173.96623,1.091973,0.28921625
89.311646,127.03703,0.89071035,0.27672195
90.51159,132.69337,0.95834434,0.2453236
97.63955,135.55191,1.271189,0.26479495
122.39741,160.66716,1.0486227,0.42379326
89.94204,129.93178,0.93545985,0.2721229
103.6377,164.62404,0.99360144,0.23632723
78.7408,118.353615,0.93266916,0.21449377
93.9146,133.95572,0.9306187,0.2952856
83.33336,131.09804,0.8685442,0.2171816
90.409546,136.51656,0.9237978,0.23742831
82.411934,132.4485,0.8690281,0.1904064
90.23127,127.00878,0.87944067,0.2676973
125.82461,194.66139,1.4068437,0.2992857
80.56658,115.83436,0.8524734,0.23377605
69.59018,108.2125,0.8267931,0.17362864
90.11401,128.45613,0.90477645,0.24812235
171.92735,244.01537,1.3097538,0.4562369
103.18441,156.41016,0.95515275,0.3021206
87.607666,134.62877,0.89373136,0.22250459
88.81516,126.2343,0.8769397,0.2582035
97.208084,145.85019,0.90532255,0.23764513
130.79778,170.33116,0.99574137,0.40285924
135.01648,200.05597,1.1669137,0.3566077
77.060684,125.54138,0.8743856,0.17897926
77.62481,127.12557,0.88270736,0.19477606
86.38783,136.90395,0.888274,0.20791095
86.590225,144.83551,0.90467,0.19883712
100.97994,163.04758,0.94512105,0.22171582
72.8483,111.333954,0.85358965,0.19347134
125.571625,175.62535,0.9819662,0.37519795
73.739525,112.71012,0.85544395,0.20127295
75.97342,114.22076,0.874339,0.22108907
97.46993,141.26495,1.2797065,0.25240678
80.92545,117.55495,0.8946047,0.23695533
83.02876,120.07091,0.90090024,0.22325478
98.469284,141.73792,0.9803266,0.25344005
82.78717,120.87456,0.9238725,0.21984342
81.97417,119.3917,0.8914634,0.23132165
84.97242,130.53008,0.8654146,0.22709732
88.31683,129.47057,0.89297867,0.24071346
73.92568,113.41621,0.83663166,0.18548527
83.00152,136.17802,0.8959389,0.19536373
137.72311,200.88034,1.4991777,0.35014263
76.62431,120.72363,0.8591462,0.20523134
72.33747,118.01778,0.83412254,0.18017636
95.400604,163.54488,0.960426,0.20356865
73.498146,119.80364,0.85411096,0.18847372
78.34635,130.67859,0.8532979,0.19172545
79.60959,128.96123,0.8651052,0.18581168
99.48929,144.17984,0.89722395,0.28973463
80.827034,130.21455,0.85935205,0.2018306
121.86687,168.5089,1.018959,0.36184335
78.97286,123.017715,1.0441151,0.21788222
79.04426,118.80574,0.878237,0.24661821
77.89935,128.51933,0.8833524,0.19657822
75.83435,113.224525,0.8902894,0.20173714
109.05665,157.51057,1.0306907,0.2911342
99.28358,159.28792,0.9852387,0.27053264
89.94366,130.49182,0.8884969,0.24057998
125.48541,186.70486,1.0563698,0.36045972
75.55346,118.41052,0.8630983,0.20424195
82.68756,121.27251,0.8882029,0.2389682
155.22467,223.34064,1.4320753,0.39772764
74.43602,122.77025,0.88443077,0.18276827
85.15711,122.056786,0.8643924,0.23403919
111.84072,159.49625,1.0261829,0.3077218
72.62818,108.6151,0.8540704,0.19947228
100.68325,152.1414,1.080708,0.26413846
102.71312,170.77678,1.0406533,0.2625898
92.68103,139.46802,0.9581199,0.25262266
82.05551,131.43835,0.8698633,0.1984884
124.00609,172.59407,1.0056473,0.37629274
92.530136,149.61111,1.0587687,0.2783603
79.50866,123.25665,0.88654006,0.2056178
83.56604,136.58766,0.9010278,0.21783745
147.86917,226.22289,1.1717821,0.31260765
81.20724,131.49031,0.89963603,0.21746641
79.234535,127.560455,0.86868256,0.20691568
78.26646,122.32946,0.8663579,0.2120921
83.958115,126.6459,0.8877585,0.23886997
79.02613,126.6501,0.87132686,0.20002134
114.61874,156.67337,0.9843594,0.35400102
88.23599,136.12366,1.1691992,0.23638727
76.82345,120.16351,0.87971926,0.20422146
74.12078,109.88815,0.8452761,0.21024641
120.264885,162.21822,0.9927867,0.3411648
110.8838,155.79782,1.0447817,0.29934624
87.80825,126.8116,0.911853,0.2494602
81.0421,134.58736,0.88330793,0.19823903
123.072235,175.97394,1.0182745,0.3255002
75.6727,121.05252,0.8520741,0.20393413
78.802155,120.69313,0.8826724,0.22473146
119.841194,176.0906,1.4394606,0.30895123
85.07242,119.164696,0.8889056,0.25323555
76.27927,117.50194,0.87497735,0.18726441
84.683914,133.5846,0.8777123,0.20321223
77.44751,127.12452,0.8463944,0.17999104
77.678894,127.70775,0.85237265,0.18883774
72.62616,114.84274,0.8300843,0.18155412
99.87659,141.79973,0.8966038,0.29608223
76.35929,119.11165,0.8685411,0.21718317
78.53085,121.13262,0.9042243,0.23484828
101.3324,158.85333,1.1278105,0.27702755
77.45102,122.34589,0.8555978,0.19972472
74.892235,114.42891,0.84204876,0.21765698
128.57358,167.67213,0.96978444,0.39295468
108.0458,155.28012,1.0134132,0.29997852
84.278725,122.39482,0.8816496,0.24515596
82.00533,126.13453,0.8703941,0.21812229
97.554474,138.19334,0.8994771,0.2687901
86.45941,144.17633,0.889719,0.19718392
106.19291,144.31232,0.9208094,0.3175645
111.84821,164.13347,1.1897472,0.29214582
81.8868,128.99135,0.89411974,0.1974789
74.96843,114.37787,0.8426779,0.19489647
135.6412,219.22595,1.2158633,0.2789645
93.17926,138.94069,0.912835,0.24742033
96.232025,137.59116,0.8797725,0.3041984
79.7102,126.22561,0.8872668,0.20259637
126.36544,178.21075,0.96212435,0.39763525
81.445175,133.36111,0.87865365,0.21502985
127.17596,168.05107,1.0425594,0.4066193
86.20239,130.60052,1.1197215,0.2381079
78.86337,117.70359,0.9009813,0.22325851
75.91211,114.081055,0.87907755,0.20352612
78.64469,116.01826,0.95982283,0.19961359
101.29176,140.35187,0.9009421,0.3058988
102.547165,165.60643,0.973538,0.23063473
77.53713,117.76415,0.8727709,0.20027651
91.613235,132.15317,0.9096283,0.26385066
78.14776,120.429794,0.86286557,0.1936788
79.45352,119.42788,0.8803758,0.21248719
105.17164,159.4688,1.4454525,0.26360184
84.31381,122.70792,0.89351153,0.24746425
88.105125,127.030174,0.9168035,0.24792765
127.30439,176.46527,1.0877686,0.33035517
89.305824,138.39378,0.97770715,0.2244093
95.33374,138.0301,0.9038385,0.27541214
81.434326,122.82632,0.8623761,0.2035784
108.55865,151.08383,0.94809824,0.3188716
71.6174,109.338875,0.83754003,0.18862906
94.07164,152.16891,0.9411075,0.20659818
127.01731,188.93828,1.6521909,0.30740553
77.243515,121.24408,0.8784659,0.20884311
91.35093,128.74356,0.8840143,0.2570997
85.19233,121.00003,0.86832,0.24738264
86.97245,138.47267,0.9207386,0.2032318
123.14129,191.58565,1.2171092,0.30536124
108.60575,170.63097,0.9884343,0.3300277
82.246826,130.35811,0.8819978,0.21435626
93.822784,152.17612,0.91056025,0.21679884
135.0741,181.07253,1.0468646,0.40485618
101.58807,160.5799,1.0561421,0.30949694
84.28901,126.82323,0.85920143,0.21592943
89.75056,143.05167,0.9220567,0.2475441
146.18422,226.18936,1.1556045,0.3000901
84.22775,136.89096,0.89076084,0.21105513
88.84267,135.52907,0.93737507,0.25844917
87.29647,131.1552,0.8774817,0.2490102
79.33032,123.70256,0.87135684,0.20323484
85.53796,137.34615,0.87036467,0.20099202
101.82702,141.88593,0.95340073,0.30404085
109.5166,152.67963,1.0688562,0.3177619
81.31187,127.38414,0.89800835,0.19904435
79.9436,120.646645,0.8574929,0.22855721
74.84744,116.95451,0.89987373,0.19460012
104.90992,150.82013,0.9928474,0.28340957
92.86785,157.16876,0.964343,0.22814023
88.44798,136.35138,0.9073155,0.21829931
114.347916,155.5076,0.9511509,0.34781227
89.94491,143.57867,0.91031516,0.21519996
155.49564,196.82974,1.0848694,0.4845104
93.223045,136.33641,1.069001,0.24184272
95.596725,139.79884,0.98213756,0.28826967
91.27648,153.95941,1.0002973,0.19516657
84.76567,123.966835,0.91301054,0.21725628
74.352684,116.76386,0.87892246,0.19527523
130.84824,221.80902,1.2219403,0.25945768
107.679504,147.8638,0.9592267,0.2971393
143.07538,204.3819,1.1295482,0.40975106
90.78809,129.8007,0.92123383,0.26594916
108.71975,177.25525,1.028069,0.22852078
132.29736,174.6367,1.1678908,0.38282838
81.06421,128.49019,0.90004635,0.19925593
99.425934,142.21155,0.95540845,0.2652453
101.840614,146.63342,0.9405873,0.26646492
71.75294,114.43796,0.8845069,0.17255284
124.421425,185.49736,1.2298598,0.30299893
97.505486,153.01349,0.98368585,0.26143974
81.59381,122.44202,0.8996296,0.21451136
83.70894,136.59615,0.8956542,0.19567096
119.90086,169.7098,1.0571014,0.3436065
83.733,128.93675,1.186488,0.24048938
79.727875,122.60468,0.9178573,0.21171558
78.00444,120.19148,0.8794457,0.21491803
135.46042,213.94113,1.1486729,0.28626147
83.425934,127.66623,0.9526634,0.21807922
122.7504,163.78964,1.0147833,0.3936739
86.54683,142.56018,0.9283081,0.20281167
99.390625,142.05624,0.91741896,0.28433046
92.907646,150.58006,0.9259261,0.21761926
119.8945,155.94212,0.99044245,0.38023636
116.155266,175.72987,1.4985845,0.3003017
78.49809,119.63792,0.92663443,0.21751325
77.166435,124.02957,0.90500736,0.19390482
79.64327,118.90462,0.9158352,0.21507406
80.47216,120.6069,0.9145361,0.23327187
82.21198,137.15266,0.9298856,0.20632261
75.33582,122.78402,0.88630664,0.19192071
83.18744,123.86775,0.9015089,0.2293121
79.55239,119.308205,0.8905825,0.21250679
77.737434,121.016754,0.88634837,0.210234
109.89065,163.54276,1.3254137,0.281942
77.0456,122.15447,0.9108155,0.19872561
76.637024,113.27732,0.86584425,0.21268488
80.28189,119.67723,0.89921236,0.20947626
74.9216,113.56615,0.89299023,0.19722496
92.06231,136.22356,1.0369474,0.24630913
87.82502,142.68817,0.9358009,0.23224963
94.92372,138.05751,0.95933306,0.25361437
80.42624,132.57285,0.90598273,0.19629477
96.55123,139.06787,0.950655,0.27336895
110.54862,160.38469,1.1082577,0.32613158
88.79891,141.38583,0.9192297,0.2067606
79.9356,131.10072,0.88549376,0.2128036
104.40713,165.17134,0.9674852,0.24251258
76.66816,126.4195,0.87285155,0.19052486
81.73109,138.90282,0.90599954,0.19624497
85.9258,127.40606,0.8843559,0.23112473
90.02618,133.26016,0.90210176,0.26425287
82.24974,127.549324,0.8859411,0.20701088
101.072655,135.725,0.93159676,0.3165038
89.86648,135.79456,1.2880172,0.23873705
81.40004,119.784035,0.94683075,0.24238633
74.238884,122.37848,0.9071807,0.17903756
72.93298,109.84763,0.87206686,0.19350468
78.317245,114.87205,0.91556084,0.21074224
76.749405,113.02339,0.87497425,0.21349058
77.187294,127.82746,0.8830162,0.19620933
92.49869,133.98184,0.8896562,0.27353218
80.17019,126.71456,0.8779398,0.22072916
77.1628,123.83248,0.88856566,0.20272617
118.96851,173.11914,1.4419096,0.30926627
76.43471,113.73222,0.8823443,0.21288295
87.84314,129.05762,0.9092095,0.23770578
124.114,164.40988,1.0243144,0.36555582
72.50525,108.49526,0.8776926,0.185159
82.40194,122.53032,0.9381857,0.2336942
86.11175,142.2371,0.92549586,0.20987615
93.45375,139.19704,0.94352627,0.24885689
80.27736,133.40152,0.8872897,0.1931635
89.282616,134.76335,0.9336792,0.26298767
84.8485,127.076546,1.1769348,0.25052187
84.81754,123.59214,0.8999028,0.26359865
85.45706,139.92206,0.92461586,0.20922324
127.80136,197.06644,1.0582588,0.29223338
78.838875,127.05213,0.9420525,0.21317162
88.723564,151.47975,0.9551,0.22046335
93.27088,132.63658,0.890013,0.2583818
99.78518,150.77339,0.9241495,0.304864
75.11615,114.70671,0.8565997,0.20562106
103.09808,142.08969,0.98467946,0.32666382
136.12189,200.53772,1.2434205,0.39757696
93.66345,145.7842,0.9147941,0.22388005
91.82598,133.5773,0.8849385,0.28191543
138.26746,185.6207,1.1156995,0.41894782
86.98392,132.86066,0.99946046,0.24040093
94.45062,137.01987,0.9682358,0.27785861
91.84193,143.40457,0.9265199,0.24885173
83.41064,131.38928,0.9134783,0.20614251
79.78946,117.487724,0.8728682,0.211523
74.281906,109.750565,0.8682991,0.20528014
79.446754,122.628204,1.1771812,0.19858181
74.895065,112.86458,0.87656975,0.19069472
76.93838,124.75352,0.8865875,0.18510303
72.99782,113.23807,0.8745637,0.17614992
83.66283,143.77956,0.9150194,0.18789078
76.92897,122.60237,0.8614669,0.1921426
74.2688,117.08676,0.8615792,0.19268115
82.638916,124.20334,0.8734784,0.23856801
78.1024,125.56734,0.8773166,0.2089417
82.68692,128.79016,0.9577664,0.22868471
108.419685,162.06308,1.3594596,0.28457695
76.07683,115.919815,0.8771903,0.20013633
110.85806,157.35782,0.97681767,0.31401983
133.87332,170.22385,0.99084115,0.3980507
87.54002,143.49666,0.97923416,0.19219837
104.140816,150.61067,1.0110607,0.27599832
85.37061,140.83572,0.94028175,0.20694532
87.22621,127.30164,0.9046495,0.23754558
94.64678,147.46141,0.91102403,0.22527279
105.79735,138.6234,0.90883696,0.3433076
122.31767,183.26613,1.5653002,0.29740053
77.23414,123.24518,0.9589941,0.20098403
83.08454,140.42221,0.95767426,0.19089125
165.20137,241.71614,1.2813759,0.36193243
99.02048,149.21658,1.0970616,0.28752014
112.2524,152.9809,0.95351815,0.38263577
84.16679,131.77393,0.9012079,0.21305524
95.646614,143.18396,0.90945315,0.29342467
77.454895,120.0631,0.87909925,0.21479905
76.17015,116.401566,0.89418584,0.20330283
106.61019,154.06474,1.328596,0.291852
76.950745,122.46068,0.9258504,0.19366811
75.21328,117.323,0.87484276,0.19798216
72.62506,114.125465,0.902683,0.1833711
149.29755,210.16583,1.2514553,0.42417857
138.9963,235.53828,1.333483,0.3089622
93.453514,140.94243,0.9536549,0.23916173
147.70782,214.96544,1.1528883,0.42295063
93.0971,140.5698,0.94154763,0.2801298
81.340126,129.91046,0.9069342,0.20108487
120.02591,182.08214,1.3910513,0.29854056
76.53912,123.414955,0.91116405,0.19722123
89.04141,128.42426,0.9107584,0.24316938
74.77257,112.8152,0.87697417,0.20038708
75.89794,125.7957,0.9315552,0.17699468
97.167885,148.59654,1.0380039,0.2459162
99.88472,160.98201,0.9810698,0.28054348
100.44791,144.95023,0.9670227,0.27210113
79.371056,131.15848,0.87570107,0.1973215
89.87399,134.28397,0.9423749,0.24854231
106.92351,157.97385,1.1605117,0.31504685
81.614624,124.53282,0.89739364,0.2068761
80.91443,123.883415,0.8746224,0.229828
130.00754,196.83513,1.0714608,0.289207
78.71569,126.50904,0.91333085,0.21870628
94.253044,139.9231,0.93424785,0.28403038
81.99838,135.93066,0.90549827,0.20112975
81.913605,137.49878,0.9347614,0.19775307
84.21843,124.78789,0.8954607,0.22376928
80.4244,117.52311,0.85940635,0.23095275
118.271095,174.77141,1.4437097,0.29150027
78.3569,131.00836,0.9015789,0.18131647
81.79063,140.01886,0.89297336,0.18154547
75.536865,119.98826,0.8548093,0.18595324
74.05603,112.41826,0.8630246,0.21379177
110.990875,194.98386,1.1071024,0.23332231
86.892784,125.04453,0.9122284,0.23317052
131.1821,184.89473,1.0242934,0.37839264
80.033394,121.209206,0.88608754,0.22238469
74.00819,117.23123,0.8854862,0.18308741
130.76262,189.10057,1.4212849,0.33164176
76.20508,121.836235,0.9042139,0.1879541
122.60235,171.25137,1.0043184,0.34034023
147.96667,186.80699,0.99042684,0.48316303
83.4408,124.61455,0.8972015,0.23182182
96.5917,142.02185,1.0533372,0.2670215
89.01127,143.94316,0.92759067,0.23027858
82.48333,123.18541,0.8973737,0.22338654
85.73314,143.581,0.9055904,0.20005225
125.267296,165.19711,0.9778389,0.3931719
119.884895,190.83029,1.1411934,0.39075574
93.934654,134.19171,0.95415556,0.2757696
88.24169,139.89867,0.93272495,0.2524973
142.27226,218.04085,1.1875789,0.3125293
114.61581,167.07498,1.1278899,0.34575078
101.7902,146.12254,1.000832,0.3256187
84.58259,137.11957,0.9189432,0.20961778
89.02832,134.75453,0.91416216,0.2532561
79.64764,130.36427,0.8895687,0.19901493
88.93485,128.82158,0.9567584,0.26425254
89.335945,137.00807,1.3677318,0.23227546
77.12967,117.66359,0.94044906,0.21190026
75.06229,115.304436,0.8930207,0.19352074
74.205795,116.67569,0.8669218,0.1821314
114.9193,164.70268,1.004433,0.3263036
94.79357,163.72426,0.99924177,0.2253467
83.43583,126.23222,0.9247358,0.2132622
107.38807,149.061,0.9381812,0.32014525
77.7803,120.72031,0.8920799,0.21542816
79.50203,134.3948,0.925209,0.19206414
143.21062,208.76683,1.7156589,0.35708636
77.20389,118.961494,0.9213387,0.19790025
75.67726,113.54838,0.86664736,0.2017341
88.5667,129.32248,1.0127275,0.2233154
77.867455,127.31957,0.91867137,0.18442854
68.6925,106.40174,0.8664323,0.18621057
78.72677,134.54485,0.8790076,0.19272186
86.94513,127.49974,0.8974343,0.23893206
77.49631,126.18195,0.87656236,0.20111816
76.66681,117.38574,0.89413404,0.20681256
101.29777,147.12283,1.1568905,0.2752969
77.24968,118.88649,0.91436887,0.19414076
80.01349,130.71323,0.91091526,0.19665858
120.768036,185.24046,1.0210984,0.2789988
77.72733,126.618034,0.90187377,0.21185322
79.56195,131.45029,0.8866065,0.20258605
78.95788,126.56241,0.88849455,0.19967048
106.516685,153.70767,0.92769307,0.31725067
80.127716,125.54729,0.863271,0.20435174
83.49036,122.46853,0.8937392,0.25347045
89.92617,137.82867,1.1753802,0.23730996
75.79445,119.5404,0.889894,0.1920268
71.26571,109.613884,0.86248887,0.1915929
88.15038,125.026405,0.89517593,0.23888099
114.995544,165.2502,1.1274136,0.33019456
109.876526,149.72275,1.0016799,0.3554649
81.540535,126.48626,0.8925891,0.20329116
93.637726,133.13106,0.90688956,0.2600067
77.949326,124.59326,0.8616643,0.19683301
77.466606,122.879196,0.8878962,0.20589355
127.203964,187.6525,1.3718185,0.32088608
82.12519,134.59753,0.932751,0.1933901
78.99197,117.055756,0.873901,0.20547181
74.84725,116.6694,0.8986417,0.18493296
74.91954,124.5032,0.8856322,0.17857009
70.66329,114.01831,0.8479345,0.18595415
73.03503,118.00145,0.84554505,0.19149177
92.636566,132.91151,0.8839904,0.27132127
77.14129,122.12256,0.8668556,0.21605338
78.55463,118.7824,0.91031575,0.22214086
89.30419,131.56935,1.0265828,0.26718107
76.57685,116.09132,0.87635374,0.20116006
77.823456,126.673294,0.8716235,0.19714649
90.06727,145.93964,0.92502284,0.20669998
77.82008,129.8204,0.89540863,0.18713953
87.50345,155.6773,0.97154105,0.20698665
95.30419,135.68399,0.92445135,0.2551309
88.54515,133.29585,0.92837095,0.2480662
77.48242,116.5581,0.8795071,0.20072694
81.23665,118.31997,0.8690912,0.2487067
104.78082,154.38559,1.1514788,0.28692356
78.07094,123.74978,0.8955246,0.19152467
80.60499,117.85421,0.8607894,0.23851797
84.687515,122.66985,0.9094137,0.23463269
82.31474,120.885864,0.9265598,0.22429451
86.49943,129.89725,1.0199842,0.22813973
95.65614,140.06537,0.91317225,0.28015977
77.768394,125.96664,0.8896207,0.19823204
84.01706,131.0227,0.89074004,0.20853558
83.53487,121.20765,0.9262906,0.24610272
102.23195,153.79071,1.229897,0.28004152
76.67726,121.18699,0.91877484,0.18993118
76.191376,118.18595,0.8788019,0.20519483
91.00556,151.951,0.9634304,0.20409618
73.82955,118.42171,0.8871679,0.19715022
77.78975,119.036804,0.86987567,0.22947165
74.50777,120.15586,0.86895484,0.19416507
109.38099,156.0578,0.9202113,0.33469254
75.285965,122.54915,0.8762895,0.20458908
113.90076,157.97325,1.0253997,0.3299509
123.39483,182.12027,1.1489539,0.3604725
88.01314,136.51997,0.91688645,0.21480481
76.66902,121.04922,0.86965024,0.22408439
70.29389,107.79676,0.8995056,0.18423556
99.39487,146.72386,1.009927,0.2721869
88.784386,138.57234,0.9677734,0.24932723
82.308014,129.04897,0.93199617,0.21154703
84.80392,129.11017,0.9294379,0.23372935
88.95993,130.4171,0.9048989,0.23287293
78.51451,118.255104,0.88590443,0.22199284
91.081795,131.97299,1.0846273,0.23792413
78.37242,119.40617,0.90646917,0.19696967
74.85754,111.646866,0.8699403,0.19911602
122.36315,166.70459,1.1255233,0.33156687
80.02512,126.75367,0.967048,0.19899146
83.00886,143.14935,0.9150965,0.20772667
81.47339,119.91646,0.89250064,0.21940047
102.96639,148.25859,0.9466679,0.29906857
82.52276,121.93841,0.9078929,0.22973755
73.90141,117.188805,0.8735912,0.19008596
84.91828,120.7351,1.0543363,0.22973983
98.40091,135.33284,0.9602423,0.30922973
86.01782,123.63173,0.8997903,0.24967092
85.67486,147.40814,0.95109314,0.19221093
78.08794,131.8586,0.8987577,0.20166537
88.055565,138.77322,1.0430093,0.24456866
91.67653,146.61426,0.9111744,0.26049143
84.37635,129.49567,0.9039565,0.22454745
82.5403,138.48198,0.9062921,0.20522526
87.79669,136.40446,0.9682857,0.2271064
153.44717,202.19739,1.1963179,0.44746903
105.56265,165.6293,0.9761168,0.23949309
81.78687,128.76859,0.88299024,0.22089298
94.48195,147.49226,0.93340373,0.22604693
74.36787,122.95819,0.8961408,0.18424204
111.42576,194.78752,1.1067612,0.22648558
95.1658,134.89743,0.9225869,0.26130107
106.34351,148.98035,0.9448823,0.31725815
78.12136,116.114876,0.8796056,0.20565733
73.09012,117.74896,0.88282424,0.1959589
105.93771,154.77689,1.3321168,0.26395136
78.97735,117.14277,0.88050807,0.22083993
88.25704,125.30987,0.888776,0.24282669
84.05239,121.64628,0.89288414,0.23320821
80.38745,117.26065,0.9792557,0.21361655
138.30392,191.32108,1.1912742,0.3890715
86.51486,134.51456,0.92146146,0.22807395
79.19212,119.85484,0.85686284,0.20749047
80.76176,134.62671,0.8794069,0.19244242
133.93985,174.32277,1.1095771,0.41522476
127.05048,201.80775,1.3574312,0.4032192
84.30004,131.17445,1.0031894,0.23914944
92.47857,155.5199,1.0116537,0.22358385
121.08507,181.24866,1.0330906,0.28249538
87.12304,126.20596,0.96954006,0.2585915
90.933334,128.95248,0.9536457,0.27309626
81.909584,137.4579,0.9305051,0.18797018
86.26675,125.85048,0.9067234,0.23447604
77.57817,120.39637,0.8784318,0.19751148
75.535446,116.491196,0.8759222,0.20291343
81.65383,120.135185,1.0328367,0.22097272
76.4838,114.22382,0.90328074,0.20467108
74.30638,115.70136,0.8696827,0.18911819
73.85496,111.934265,0.8880906,0.18744892
75.488495,115.74002,0.8757391,0.20078845
103.39087,184.25487,1.0747167,0.21548705
101.91148,144.94292,0.9171283,0.26690897
104.60901,142.91898,0.91210973,0.316537
75.232735,115.82526,0.869805,0.21354
76.38453,119.599045,0.8840436,0.20244125
92.31307,138.16202,1.2829838,0.24183731
101.838684,142.84506,0.99706644,0.30452323
83.212425,120.10186,0.90466344,0.22669405
72.92769,110.40304,0.8767425,0.1881026
72.91126,110.24201,0.9160994,0.1812153
100.75597,150.89566,1.1004469,0.2662739
90.10935,149.10707,0.94371367,0.22697155
80.2858,125.59036,0.87093294,0.20181727
76.62238,119.695114,0.8662448,0.19264244
84.54389,123.47909,0.9412717,0.2517328
111.42647,174.47002,1.2888561,0.3262583
79.23626,124.71394,0.9064076,0.20542103
80.34452,133.71925,0.8997276,0.2020155
102.615105,168.44841,1.0085902,0.23063073
78.44419,126.16606,0.90887284,0.22938074
86.39973,129.98447,0.9023007,0.26370448
81.44295,132.19122,0.9208032,0.20899425
101.5857,149.24464,0.9678248,0.27844772
75.17895,123.05725,0.86905515,0.19843213
82.174065,122.854355,0.90928143,0.23003061
112.08875,169.55818,1.2507198,0.2996727
77.226944,124.41548,0.8998624,0.18936555
73.37891,113.11911,0.8578742,0.19284594
85.96494,124.490135,0.9453395,0.22655214
99.51249,140.64018,0.9824429,0.29379296
76.56495,118.74781,0.8663207,0.21196833
79.60204,130.89734,0.90413666,0.1948514
84.19834,133.98566,0.90889543,0.21219867
85.968895,140.2188,0.90440345,0.20665301
78.92071,121.80508,0.88250995,0.2100161
91.97519,136.2456,1.0432067,0.2531701
76.95423,120.928444,0.8815261,0.21191624
79.606705,117.130486,0.87153214,0.21830012
83.845474,134.70978,0.9440508,0.21322502
79.29057,126.18413,0.9132372,0.19107814
80.160904,121.47975,0.86989063,0.23358423
77.21612,124.91315,0.8730438,0.1964979
93.256195,136.37598,0.8904854,0.28825665
78.857765,122.75726,0.85844034,0.20314959
82.13545,120.00275,0.932428,0.23756287
132.40094,190.47408,1.3221533,0.35279763
77.69948,122.92817,0.9165985,0.19677493
79.09975,115.7489,0.8707614,0.2268468
98.7297,139.20721,0.9868833,0.28504276
122.53455,179.85431,1.1604613,0.32618815
101.77292,147.71945,0.98868936,0.31299865
86.19056,138.2369,0.9016352,0.21985576
92.85782,134.91513,0.9463512,0.27180368
76.36177,122.76145,0.8748013,0.2144746
98.0511,170.17807,1.0033675,0.21041593
110.47509,161.24835,1.3402193,0.2828892
77.39709,124.42108,0.91303337,0.20020388
85.883736,126.47477,0.91121185,0.22404186
76.60937,117.08252,0.91110194,0.19928117
80.87174,133.85863,0.9452132,0.19039787
71.61958,111.30052,0.854782,0.19818467
74.94033,124.68938,0.8491508,0.19146067
78.85692,121.44556,0.855216,0.21747972
76.62978,122.69415,0.8531935,0.19986828
80.1322,123.04854,0.89225423,0.23271717
74.204895,115.563576,1.0762091,0.19888844
77.917274,117.61957,0.87750244,0.23449677
79.4546,130.99525,0.8860638,0.20218721
100.35475,163.04797,0.9623899,0.21979447
78.71431,131.23932,0.8849842,0.20602387
89.663925,159.76251,0.97603077,0.21237665
92.019035,132.45967,0.90095764,0.2564665
77.448524,122.706276,0.8981769,0.21439743
75.33646,116.651566,0.86191857,0.20446344
76.68027,124.664795,0.86597824,0.19872631
137.6755,180.4289,0.9763589,0.4485674
117.47607,170.49359,0.93044895,0.2943808
86.31362,124.65947,0.8641605,0.28051203
70.772,111.384254,0.8756859,0.17820123
78.608406,122.70834,0.96095014,0.1945678
104.28889,149.0321,0.9968133,0.29193047
93.28527,138.7933,0.9133785,0.26905778
87.02776,128.9236,0.9179331,0.23921354
80.38711,134.1046,0.8782798,0.19827811
101.78046,138.70108,1.0325543,0.29563087
95.33696,140.6569,1.2519875,0.2589577
77.5574,124.150505,0.9370979,0.19465873
86.306244,150.8065,0.982571,0.19890925
124.667175,191.0205,1.0698761,0.2791778
73.62759,119.76751,0.925363,0.1932464
82.113205,130.99539,0.8840612,0.23448445
80.45234,125.663994,0.9039343,0.2050245
97.11578,140.24048,0.9308045,0.28746763
73.38065,116.943275,0.8703979,0.19134727
73.320366,120.86007,0.8803574,0.19432077
78.16601,117.401855,1.0911072,0.20100634
73.94139,110.822174,0.87369657,0.18976577
78.74705,115.212494,0.8728583,0.21387847
157.4861,197.74194,1.1099395,0.47287378
74.05376,115.99099,0.99957955,0.17900972
91.82132,158.79214,0.9886625,0.20221555
79.60018,117.83402,0.8688819,0.21257389
130.37184,182.99309,1.033569,0.37816328
82.90293,123.014885,0.9115177,0.22948797
79.47036,131.33345,0.9213551,0.18853343
92.71811,137.28244,1.084139,0.2325393
86.81327,124.82326,0.9162664,0.23973083
86.12371,124.43292,0.89237356,0.23062825
75.45153,120.76137,0.88392407,0.18640669
74.630974,119.97828,0.88675976,0.18348414
93.112785,139.05414,1.0264101,0.2506462
85.53562,135.092,0.90292305,0.22176264
79.52533,125.4621,0.8689002,0.20783377
78.05203,122.19113,0.8702082,0.20090741
76.39305,117.43619,0.895061,0.20841515
121.34465,180.30511,1.107872,0.40098915
90.499916,131.72272,0.9085144,0.24381396
81.798775,125.23146,0.8647561,0.24808086
100.49369,167.8985,1.024667,0.21724813
76.73407,123.20318,0.90529585,0.20285259
84.85825,128.12881,0.8775787,0.2600122
77.399025,122.75088,0.8835095,0.20334084
81.04429,129.29707,0.89842623,0.21598871
87.90563,138.40906,0.8914113,0.21936148
99.78801,135.91542,0.9444524,0.30511057
79.59175,121.781425,1.1795316,0.211959
90.5853,126.16952,0.9425452,0.27639133
79.8233,135.19693,0.9303694,0.17529231
96.21429,150.14473,0.94729143,0.25095597
87.26334,133.23526,0.99318933,0.24692045
79.18563,121.773285,0.8832923,0.23370011
76.77554,118.86561,0.8727341,0.20874007
102.41226,145.38914,0.8921875,0.32021064
75.54456,120.63624,0.8899497,0.20932668
78.33085,126.62082,0.8834165,0.19973832
120.58575,172.9604,1.3471154,0.30976582
76.09018,122.88345,0.89541596,0.18802136
74.87387,114.82953,0.85634977,0.19926478
73.24638,113.93508,0.8736681,0.18209922
124.977325,177.04749,1.1244545,0.35002568
90.46236,138.70354,0.976856,0.25673315
80.36539,128.34138,0.892272,0.20759444
99.204216,139.22821,0.9205922,0.3050894
81.38809,134.53181,0.89447427,0.21468468
91.38588,130.62643,0.95405054,0.26347518
113.22111,164.85332,1.3624854,0.30570883
77.261215,116.78062,0.9511282,0.20267998
81.618744,137.37074,0.9449821,0.18826197
79.475204,117.13357,0.9328382,0.21375002
97.010826,158.48143,1.0173986,0.24338004
117.14355,207.74706,1.1995754,0.23084106
100.26341,141.96384,0.93817306,0.2702746
94.35805,138.97942,0.9301021,0.28334597
83.851906,132.1983,0.91438055,0.23710343
76.09718,118.944016,0.8912855,0.20009068
77.13293,121.062584,1.1489325,0.21102272
75.11038,112.923294,0.91260815,0.21794313
76.25639,113.957184,0.8866097,0.22132795
77.29482,118.51461,0.8983073,0.21127906
78.998695,121.184105,0.9882037,0.209729
115.96909,173.90213,1.1567216,0.30674267
95.08003,144.60114,0.9550811,0.26092747
89.65918,133.45285,0.9301992,0.2404882
76.760475,126.39689,0.87145483,0.192253
80.84283,123.33124,0.91763467,0.21731831
128.30115,174.59143,1.0953615,0.39922392
90.485695,145.81442,0.9327439,0.2261074
80.9428,123.16437,0.88767385,0.2477234
81.87511,137.16682,0.94354016,0.19815224
77.48833,130.30083,0.9214463,0.18756914
86.72924,129.86739,0.9079124,0.24385189
87.23436,143.75859,0.9344469,0.22455348
80.31571,132.93475,0.92063355,0.19340494
78.77623,124.56375,0.88193506,0.20041507
75.69284,120.883125,0.8676144,0.19951737
85.52372,129.99788,1.248287,0.20478049
77.48178,116.51284,0.91320014,0.19796185
75.23535,124.59475,0.8962946,0.1766061
73.25029,111.47234,0.8769195,0.18395877
71.46818,111.15143,0.8861571,0.19194984
72.16003,118.28029,0.8729366,0.18539982
74.10791,123.387314,0.8644137,0.18674256
75.46648,119.39421,0.8598402,0.2077749
76.517654,124.02966,0.8651154,0.20281921
75.18385,116.536995,0.8800417,0.19442888
88.81866,135.4308,1.3309548,0.228992
77.73031,114.01056,0.89671934,0.2193348
74.18648,117.22898,0.8682947,0.18294644
82.21741,134.80827,0.9228186,0.19174406
76.8281,121.053665,0.90101594,0.19018835
84.79307,126.920944,0.8809203,0.24295138
76.58994,123.493286,0.87335134,0.19585384
106.49285,152.07254,0.92762697,0.31466636
75.26723,123.29692,0.8679332,0.19774354
83.12204,124.22912,0.89373636,0.24790366
119.215706,174.62935,1.2607237,0.31653458
82.152916,132.89218,0.8969363,0.19360624
72.794876,113.0492,0.85376954,0.190798
117.97455,162.02458,1.0495644,0.32691208
89.40356,127.8507,0.97223926,0.23100193
96.08233,170.21515,1.042231,0.22180587
104.28771,147.35663,0.93189526,0.2815048
83.7586,123.26622,0.90966034,0.23688884
73.05146,112.90126,0.87212384,0.1927795
71.17633,111.36594,0.8879232,0.18601958
105.434235,158.22444,1.2778102,0.2641973
70.45158,111.3102,0.8835622,0.181541
72.37912,109.22301,0.85605323,0.19242123
76.668655,125.63611,0.9062296,0.19385734
74.0572,112.53835,0.93189,0.19851051
97.47419,145.83392,1.0157821,0.28165644
96.40561,155.24345,0.9447513,0.2739882
80.595314,129.77716,0.8904252,0.20481151
78.900024,125.177765,0.8798833,0.20310694
102.58813,142.61555,0.97781634,0.30071735
117.01408,171.23682,1.2188106,0.35671252
88.83214,136.88252,0.9148958,0.22276111
83.146454,131.07304,0.8962997,0.22649889
158.80026,241.92154,1.257916,0.3321086
84.93523,140.89944,0.9686416,0.24243288
81.85474,132.68304,0.95815116,0.22939691
82.28948,138.845,0.9424104,0.20638941
79.15453,128.30077,0.90792835,0.19928741
77.997444,124.49236,0.88399744,0.19945362
79.27178,119.647484,0.8980695,0.21450554
90.1045,138.10072,1.1649554,0.22673146
75.65751,114.43521,0.89648163,0.19124813
74.47753,112.540504,0.86806834,0.18757889
87.16786,127.151375,0.9638769,0.22362275
116.5336,169.60562,1.1648843,0.3203645
91.099945,152.12878,0.98050284,0.23828162
89.91825,129.4681,0.9453012,0.25262037
99.688126,153.68951,1.0130622,0.28606668
81.91198,124.41407,0.8991971,0.23439695
79.958305,123.362274,0.91597277,0.22224426
116.91106,177.59146,1.4082192,0.285273
80.11856,123.562225,0.9472255,0.19959985
78.62411,117.961586,0.9007472,0.20277576
75.59435,121.048225,0.9016044,0.19354655
75.866234,117.15515,0.9087378,0.19242309
82.31794,137.92593,0.91383225,0.20488253
74.80865,121.14245,0.87600875,0.19167474
116.48614,160.97868,0.9508604,0.35838336
84.64575,134.21614,0.92631054,0.25639915
80.44013,126.45014,0.92557836,0.20002635
95.96084,147.63046,1.3112028,0.24668586
77.03472,113.90704,0.8924295,0.2119489
76.53827,125.05884,0.88237906,0.17790435
87.03536,130.65234,0.9157163,0.21454109
82.274895,128.8149,0.88731575,0.2274767
97.20247,163.1648,0.96695364,0.2111232
75.27728,117.553024,0.86525786,0.19461018
92.22574,133.09216,0.9126793,0.26009205
76.74518,124.069305,0.86800194,0.19247529
77.06451,122.139084,0.86806893,0.19175108
106.41245,155.34743,1.3251114,0.28526428
76.9299,121.78412,0.9032923,0.18753336
74.26559,114.555725,0.86478984,0.19587508
72.470566,112.27946,0.87474155,0.18184662
78.00827,122.054474,1.0366654,0.18871391
83.080864,119.75501,0.8940619,0.23922302
73.53112,120.10773,0.8751844,0.18442175
87.83432,126.23288,0.8623142,0.26292822
81.44611,133.66187,0.8775806,0.20193349
95.053055,133.28366,0.9274435,0.29024288
129.26886,201.85393,1.1855161,0.4251366
94.99255,139.3845,0.9886231,0.28406316
91.86539,134.07047,0.9300284,0.30371472
79.72775,121.782,0.94131136,0.22175996
76.40605,121.43665,0.9410389,0.19754308
120.70907,184.1832,1.1333783,0.32142276
115.27481,165.64903,1.0268041,0.35493553
82.03336,125.898094,0.93226147,0.21554658
76.09243,119.729385,0.888363,0.19280969
83.89501,121.626625,0.9367071,0.24068955
78.46508,125.69066,1.2082361,0.18631957
77.39844,119.207016,0.97597384,0.18966375
78.0375,131.86993,0.95065403,0.17656472
78.3951,130.25714,0.9581285,0.19838504
74.56186,117.11749,0.9842541,0.18886547
110.22648,193.24815,1.1263049,0.23381592
91.735985,129.88347,0.9193267,0.24438892
138.66464,192.51086,1.0250318,0.43159503
97.356125,147.36874,0.970861,0.2801531
80.03712,128.56429,0.8866129,0.21162234
79.610886,118.49192,1.0987234,0.21188036
81.81484,121.71226,0.9334554,0.23218398
76.902405,117.96234,0.8931923,0.20808
73.65038,120.12501,0.9125038,0.17964453
90.18565,133.57259,0.98835313,0.23463224
79.85951,124.315735,0.95994323,0.21542437
76.15549,127.91381,0.9143993,0.17859113
80.34174,133.44803,0.9289134,0.19779663
85.25955,147.41519,0.9712265,0.1928661
81.53632,128.55582,0.9466467,0.20503841
120.80164,169.79416,1.1382923,0.3473014
85.4017,131.18587,0.92605793,0.21246636
79.21563,120.799225,0.87797254,0.21973658
112.75095,182.86647,1.0370265,0.24062967
79.412476,125.08154,0.9152732,0.21105112
79.54909,124.64424,0.87876654,0.22108695
76.75101,124.45899,0.88305104,0.19282031
86.86652,129.42038,0.8752538,0.25392154
81.2242,130.42427,0.87849605,0.20379496
93.301704,133.50525,0.95886767,0.2737743
120.25277,178.04587,1.4280481,0.31461015
75.177124,115.37537,0.93721205,0.19747914
76.83716,124.98032,0.91495526,0.18767606
77.58914,116.12811,0.92395645,0.1975592
103.236404,150.8811,1.0821493,0.27518642
85.64201,122.99087,0.93008816,0.2576568
81.26493,139.11925,0.9123099,0.18812232
81.57873,124.27471,0.90725684,0.21070258
86.61454,129.99182,0.9234096,0.23825191
130.77953,209.73866,1.128639,0.26995084
101.48003,152.40305,1.1665287,0.2541685
78.202576,124.237526,0.8900262,0.19533199
88.35014,128.95178,0.91576016,0.22963364
79.26616,133.00056,0.9344639,0.17970636
75.871185,121.23473,0.9367639,0.18574595
75.41045,121.74151,0.8857544,0.19473054
78.33973,131.38454,0.89189464,0.19110268
93.47881,135.40823,0.8938753,0.27405444
84.31982,131.1714,0.8907248,0.23884742
77.67454,118.88409,0.94678545,0.20318878
76.19516,115.99851,1.0390695,0.194932
76.70305,116.43977,0.8961493,0.20512293
77.42472,120.42076,0.8688582,0.20656286
71.613075,112.21487,0.87650627,0.18049319
75.82095,124.57728,0.9033171,0.18368892
81.34621,142.52472,0.92190164,0.18112238
74.148415,113.84694,0.86804855,0.1956721
97.10302,140.16718,0.9302064,0.26699224
74.41219,114.42912,0.8481443,0.2068216
72.4558,114.81634,0.85961413,0.18538012
123.21738,167.79352,1.1001577,0.36481452
100.02647,151.22835,0.9296756,0.24620934
78.15475,118.622116,0.8579298,0.2263731
75.0145,125.21785,0.8982208,0.17436771
77.34802,132.3017,0.8983568,0.18128699
75.53653,117.598434,0.91124296,0.20188242
84.00002,137.76662,0.8889568,0.22096649
78.72125,127.22736,0.87518203,0.20251192
83.612305,134.01477,0.87615776,0.21019207
85.15033,125.72425,0.9075428,0.24604487
102.8013,151.77052,1.1113219,0.31813434
85.27096,126.53644,0.91940117,0.23718815
81.26644,121.441795,0.8775468,0.24515525
82.59132,121.1606,0.9415959,0.2296337
74.45543,113.690475,0.92065936,0.19217841
78.99381,115.34475,0.88342047,0.22611216
76.075455,120.48917,0.87128156,0.19353066
79.05849,118.228035,0.87367415,0.21491803
76.61512,125.32277,0.8659544,0.18733783
82.66796,119.79134,0.88759154,0.23009063
83.34292,120.35093,0.97428596,0.21812531
74.22385,114.516304,0.9163431,0.18450248
80.23641,137.49734,0.9256615,0.1857164
102.30707,158.8676,0.94723237,0.24497728
74.537186,121.197,0.89763904,0.18759638
78.70796,134.37657,0.90264356,0.18749566
79.60966,126.416306,0.8846903,0.20492704
91.89139,133.62796,0.8933821,0.28220883
75.33189,117.27438,0.86367416,0.2077147
93.788765,152.4404,0.9381443,0.2137079
110.32873,160.27864,1.2379652,0.2776148
76.297264,118.13646,0.8981985,0.19162348
80.12374,118.31347,0.8929082,0.20893185
139.95007,179.454,1.1078041,0.42908353
116.06852,167.27753,1.2393602,0.29824623
98.15612,136.25873,1.0447057,0.2848452
77.26237,120.72834,0.88530624,0.1820617
94.04902,132.50288,0.9251989,0.2600918
74.78072,121.124695,0.87041706,0.18124421
89.60966,125.89828,0.9107393,0.25773582
97.60884,146.26633,1.1076231,0.2793511
74.40099,115.14836,0.9013531,0.18889444
80.68903,133.9914,0.92365754,0.1910557
116.56284,191.75755,1.085846,0.24256651
77.24377,128.32288,0.91639936,0.20755625
87.692856,131.9754,0.92710006,0.25591207
78.3072,130.74637,0.90148157,0.19752946
76.37915,125.177444,0.88635445,0.1947809
78.98974,121.2318,0.8792223,0.20784755
76.94462,123.89925,0.8811852,0.20092393
104.6013,151.59265,1.1337018,0.28047162
77.80775,122.44639,0.9069965,0.18965694
74.919914,114.38508,0.87427306,0.19921221
97.22798,135.94197,0.982152,0.26050344
85.652916,122.05177,0.9250207,0.23363103
77.2915,124.9707,0.8981469,0.19584599
75.49681,116.62695,0.8890842,0.1942215
83.17447,120.845,0.8913307,0.22747564
72.86439,117.30945,0.86036587,0.1840349
80.11386,117.86528,0.8965754,0.21843958
83.19131,122.57051,1.034869,0.21525972
76.71278,115.76966,0.93769395,0.19856116
78.33523,127.77441,0.92549115,0.19203192
85.7183,133.5825,0.9230998,0.2046334
78.22775,127.99729,0.9323021,0.1869494
85.8777,146.1017,0.94202614,0.21105358
81.097305,119.11821,0.894908,0.2167345
117.0744,154.56372,0.91899395,0.38399807
76.756645,118.08249,0.9051732,0.225728
73.46906,117.81274,0.8917028,0.19422872
96.708984,136.05515,1.0319898,0.26986042
76.04399,119.71895,0.9232849,0.1891663
88.78283,127.61953,0.9207107,0.2442429
107.49585,146.47409,0.9975272,0.31583312
72.31807,112.22347,0.9330487,0.18008469
90.43748,133.71872,1.016953,0.25105566
85.93706,141.43835,0.93701875,0.20987304
77.897934,121.81804,0.87327087,0.19383577
76.87991,122.73165,0.874559,0.18973818
78.32981,117.98709,0.9172952,0.21128179
85.528114,132.54605,1.0804543,0.23900181
80.98113,121.59735,0.9998136,0.21787742
83.13273,131.60043,0.9335685,0.2165714
84.67006,136.63872,0.93814707,0.19514173
76.18914,122.26734,0.9049098,0.19217311
76.811295,118.22191,0.91980875,0.20486858
83.99894,136.91592,0.9182631,0.21308462
80.29611,124.64887,0.9029633,0.20098236
77.58169,127.27131,0.8886936,0.18455334
82.30158,120.76083,0.917329,0.2199219
87.51914,129.77496,1.049335,0.23087141
78.07083,115.947105,0.9005943,0.20888427
85.32896,123.83928,0.8834468,0.2654603
72.05724,113.39215,0.9022008,0.1699512
81.73052,135.78372,0.89831746,0.18459098
84.51669,147.35327,0.95330673,0.1933507
89.8183,134.72725,0.89915574,0.2315963
81.16679,121.74954,0.8940517,0.23074128
74.34929,115.153244,0.87268484,0.20452325
87.16496,142.09805,0.9286923,0.19971609
83.51673,124.971016,1.024361,0.21133465
79.5529,123.13846,0.93179595,0.20217209
89.83759,129.59657,0.9508407,0.23765136
85.07788,149.69182,1.0055296,0.1904247
85.76066,128.3826,1.0069199,0.21747623
101.980064,142.52158,0.9564251,0.30941316
79.81012,131.28522,0.9054382,0.19759901
90.75534,132.5106,0.8903764,0.25845492
75.494255,119.81585,0.8658637,0.1928791
92.727196,131.08197,0.9754747,0.26890185
98.14892,147.84772,1.2182937,0.26969406
81.3708,124.21057,1.0007803,0.21974553
96.39071,163.69136,1.0564225,0.21844074
111.80855,166.87914,0.98430455,0.27035195
87.92274,129.97147,1.0142671,0.24188145
98.25411,167.85432,1.0303665,0.2502901
100.92832,143.33315,1.0111301,0.28982335
102.2861,149.89531,0.98600656,0.30568308
85.33495,132.44252,0.9433616,0.23627678
110.9767,175.3268,1.0225875,0.24682565
82.53418,126.06253,1.0638235,0.21396574
95.93046,134.92838,0.97531265,0.26967552
80.978745,122.180756,0.9303658,0.20044382
75.55741,120.37864,0.9159614,0.19239107
75.695076,124.104576,0.92374,0.17547235
120.49515,173.7784,1.2169039,0.32137826
102.272644,159.54208,0.9876948,0.28973633
80.92718,126.76899,0.9152864,0.21345755
81.04251,125.47215,0.8969579,0.21848729
76.85318,125.30374,0.9080565,0.1888523
105.52734,148.19347,1.0551227,0.3047347
86.572556,130.30318,0.9129145,0.22650346
85.911995,148.01791,0.95949674,0.20450626
91.98089,139.5557,0.93598366,0.231945
108.64951,148.78624,1.0033548,0.32336995
81.09568,135.90718,0.9419842,0.19588915
80.42874,136.75136,0.91598165,0.1850716
82.42156,123.30167,0.89042705,0.23063053
75.863235,121.64177,0.8675934,0.20147675
80.26759,119.60757,0.9438546,0.21630487
107.55978,154.85902,1.1783996,0.32038486
79.63856,118.46292,0.9139193,0.21382369
87.808716,150.56706,0.9725469,0.20400585
78.20048,119.61555,0.9368835,0.19793311
77.7624,130.87642,0.93913877,0.19188732
75.20695,124.875916,0.8910301,0.18990304
74.11992,123.01679,0.88053304,0.18560246
92.11392,134.54874,0.9143926,0.2652964
72.538,113.82562,0.86565936,0.19706881
74.3131,125.98122,0.87286,0.18864563
105.73469,146.89853,0.97409666,0.32577673
84.08398,131.36002,0.94177043,0.21912669
108.5905,155.91902,1.0120304,0.30953497
233.39839,300.321,1.3511957,0.81189996
80.43816,133.7732,0.9564012,0.22664072
84.31632,127.24733,1.0115154,0.25842014
79.864395,135.01447,0.9142612,0.19038351
80.53399,134.88057,0.9361923,0.19827208
79.270515,125.18199,0.90178424,0.20476171
81.18025,133.18245,0.93295234,0.20230421
73.78616,115.43268,0.99233013,0.18198235
77.64087,116.69433,0.93716353,0.2048964
78.64587,115.5855,0.88375735,0.2232382
85.16176,133.3634,0.91876686,0.2307432
76.178215,127.427124,0.9428216,0.19405402
82.93052,130.80519,0.9671859,0.23306954
79.852005,133.11848,0.8916628,0.2084633
77.769104,126.976875,0.8809614,0.20987442
80.14556,125.37095,0.8897364,0.22304103
83.533165,137.03531,0.89127207,0.20163001
92.771034,135.92268,0.990486,0.2657277
77.59756,121.62161,0.88762796,0.20112672
76.168465,126.28625,0.8811586,0.19310862
89.262955,152.65771,0.9838429,0.19874649
77.051674,122.99147,0.91116095,0.20812196
79.843376,127.08577,0.8821951,0.2237686
78.184135,121.81119,0.8942056,0.20939691
100.94943,143.98466,0.902177,0.32656717
74.78332,123.36192,0.8814625,0.21280439
75.73201,116.4874,0.90717214,0.20656072
76.217255,116.74209,1.1393676,0.21277928
75.2121,113.03363,0.9069597,0.20107219
75.16589,122.49841,0.8879003,0.19575192
75.07757,114.33065,0.90723264,0.19013986
73.72529,115.644714,0.93624294,0.19084771
118.216606,204.40384,1.1658131,0.24263264
110.83287,149.44905,0.94005024,0.31370774
102.452866,150.90372,0.99073625,0.3113255
79.38896,121.57408,0.8913938,0.23665103
72.65892,113.709625,0.8778216,0.20728044
103.836975,144.45508,1.0114421,0.31108597
75.59277,114.84717,0.8965529,0.20387536
73.969696,112.14311,0.87491393,0.20820303
73.71387,111.13181,0.9120341,0.18838325
73.38984,112.38172,0.9178455,0.19670764
115.65932,174.00726,1.172801,0.29625294
103.86642,148.94089,0.95839286,0.31105125
78.06701,121.22875,0.8917205,0.1964764
77.15098,117.676704,0.86510813,0.20188254
79.84782,119.32393,0.94805765,0.22627401
104.19526,169.86275,1.1916044,0.32092112
85.10927,130.09679,0.99557865,0.25627986
81.7771,123.176476,0.9107076,0.24581452
86.96068,148.26653,1.0158678,0.20144586
76.238815,121.07346,0.97060454,0.19724375
93.6944,137.39203,0.93585896,0.28019032
87.25504,149.16655,0.95274806,0.20696223
87.32921,130.67174,0.93022764,0.23889376
77.425804,123.47913,0.8868643,0.21056263
77.57688,120.16662,0.8974483,0.21188657
81.12721,119.91201,0.98282903,0.21893562
78.80836,115.33096,0.92550075,0.20769547
80.40091,137.09941,0.94149375,0.18595468
77.57632,127.26765,0.9239254,0.18772481
75.140526,117.97968,0.8997282,0.20769995
93.24457,167.75578,1.015853,0.20598422
95.87238,135.3602,0.9266226,0.269611
104.052635,145.45815,0.93325365,0.32835653
75.83404,120.055176,0.89568186,0.22529933
78.72479,128.75447,0.89843595,0.20321093
103.642334,154.90634,1.3381052,0.26184693
97.86768,136.13805,0.9710041,0.28015366
71.80135,111.856705,0.88017815,0.17652255
82.4918,121.91092,0.9764975,0.20859033
91.66786,135.0099,1.1009018,0.24197845
84.665405,121.74912,1.0258734,0.24635366
81.18686,139.9854,0.9107894,0.1835386
78.6435,120.83102,0.90781844,0.19730178
75.79253,122.91209,0.8729869,0.18743728
75.94795,118.30068,0.8858644,0.1882939
122.259766,166.2227,1.0618176,0.3798834
89.73466,134.6884,0.9018458,0.24061048
84.4825,142.06874,0.9258448,0.20713536
109.31094,175.673,1.02298,0.23794551
75.67369,122.87148,0.95036155,0.1981433
77.47635,121.3548,0.8829281,0.2257367
77.56839,130.80164,0.8882911,0.19933328
91.977936,137.39526,0.916909,0.27099434
74.87485,124.935295,0.8760479,0.20244783
84.00601,126.27546,0.9659203,0.23213604
94.56883,142.21768,1.1350651,0.27270362
74.25135,113.76147,0.92791605,0.20936166
74.96461,119.688446,0.8902741,0.19079693
73.93468,114.445885,0.88626534,0.19287269
76.77307,123.627106,0.8959755,0.20817603
91.67469,151.36356,0.94676155,0.209391
82.12574,121.09879,0.896798,0.235438
82.1215,123.62992,0.90460217,0.23693022
75.53218,117.98453,0.8676393,0.19860676
73.94201,117.043304,0.8950838,0.20521206
87.80283,129.99315,1.1618233,0.2287276
80.6865,117.23156,0.9382826,0.21724081
83.597046,122.93795,0.96341413,0.22009984
143.11018,178.74391,1.026306,0.4539355
75.11436,114.95494,1.0537035,0.19190153
86.155045,127.584114,0.9842992,0.23678647
78.50885,125.2281,0.8918656,0.19328706
100.144745,138.80357,0.9047953,0.31974927
79.50704,125.489655,0.87952876,0.21819356
85.94829,126.68384,0.9434657,0.25566307
111.00947,161.76895,1.2235131,0.31294274
81.98994,125.18893,0.944251,0.21687406
76.62613,117.74942,0.88752204,0.21273525
79.736626,133.13687,0.9293605,0.18828365
79.734726,126.9399,0.9877938,0.20793097
104.30039,166.4101,1.0796764,0.29195002
98.707344,143.65176,0.94271517,0.30011266
80.09404,133.50122,0.93305635,0.18930714
84.543816,124.58655,0.9055345,0.22199553
85.799194,136.14983,0.91176236,0.20854734
77.01072,116.67799,0.92837584,0.19739835
81.63648,117.82115,0.8982631,0.22040083
81.86812,142.3612,0.9350587,0.1799173
81.26307,128.86348,0.92810625,0.19342498
79.1621,121.807945,0.9721082,0.20421311
133.77321,228.46512,1.3649588,0.29986313
131.71458,174.4825,1.018393,0.38581836
106.39503,150.39287,0.95634353,0.34763438
91.01988,142.80708,0.9816433,0.247142
96.11563,151.92276,0.9656454,0.22619624
115.26393,160.42317,1.1541705,0.33489048
75.41887,115.99434,0.8728557,0.19216892
78.30044,115.75805,0.89771473,0.21175267
86.880066,124.64435,0.9230373,0.25352088
73.7267,115.0238,0.94879663,0.18097585
117.539795,174.74165,1.2544937,0.30846158
104.9422,179.91045,1.0772642,0.24086897
80.27781,137.82127,0.91567445,0.18136168
91.66816,134.43425,0.9243501,0.24008627
74.85218,118.66083,0.9186033,0.18643126
111.09766,166.06357,1.1780809,0.36053064
94.95605,137.72995,0.96292603,0.2771551
126.78207,173.40996,1.0373328,0.39823622
97.04883,139.54327,0.98515105,0.2828855
92.812294,135.30472,1.0423013,0.25573215
77.52464,117.1393,0.9153123,0.2118803
77.83436,124.98813,0.8931973,0.18731412
87.29663,125.04633,0.9030372,0.24463497
72.94896,117.73178,0.86107135,0.18619166
84.3742,122.807976,0.91041934,0.2326469
80.30798,125.0463,1.1201587,0.190088
76.41959,115.21502,0.95604056,0.19031242
102.00425,173.01204,1.0797908,0.20758824
97.03486,156.78362,0.9802036,0.2269267
77.06856,120.63248,0.93590236,0.20846266
74.88783,117.33468,0.89367694,0.19467998
77.66876,129.18672,0.8951646,0.18777567
87.119354,127.90467,0.8905308,0.2557394
77.80327,123.82608,0.8776444,0.21983781
78.17982,121.775795,0.8880955,0.20021866
90.5616,136.1163,1.3013532,0.23099142
78.5121,120.056335,0.92048514,0.20190822
87.17541,128.27963,0.95692414,0.22934595
97.52871,133.28947,0.94489014,0.2914152
79.179535,124.05562,0.9996319,0.19061016
74.09731,112.202156,0.8925879,0.1966807
77.13857,124.21667,0.8885151,0.18075009
78.93409,118.532,0.9047861,0.21339287
77.08594,122.555115,0.8748075,0.19200465
74.80514,115.75821,0.88635665,0.20565228
83.11417,126.567856,1.0434437,0.23824231
73.529686,110.85524,0.90348095,0.20068471
74.006516,116.64754,0.88311577,0.19030246
82.89957,143.20009,0.9763044,0.19026761
83.75648,130.33455,1.0034969,0.23348282
95.766075,135.95253,0.963125,0.29545465
82.5082,139.22464,0.911147,0.19562092
81.63034,126.775085,0.87995476,0.2276212
82.328865,133.8949,0.8925513,0.20688218
83.53026,125.4241,0.913846,0.23995422
123.51365,174.08337,1.149342,0.36764416
82.95497,126.54266,0.9386097,0.22382726
78.82907,118.14774,0.9092961,0.22364607
74.284386,111.550835,0.94864506,0.1999538
106.72693,152.50952,1.080364,0.29579243
83.01034,131.24944,0.97010696,0.2309531
77.923035,120.51634,0.9073823,0.20179355
95.872314,133.00981,0.92734873,0.28638703
75.33812,119.37397,0.8736517,0.19994107
78.625534,120.69588,0.90187204,0.21654971
91.90625,133.54436,1.2568386,0.23498632
76.42377,113.97117,0.9451358,0.20054053
72.701904,117.65549,0.91545784,0.17302659
76.4854,127.94125,0.93424714,0.17512214
72.396675,118.03518,0.9196323,0.17863382
75.95698,128.66968,0.90728414,0.1826558
76.40392,121.64519,0.8942896,0.19920722
101.66928,141.20662,0.904373,0.33594528
78.186264,124.414604,0.9057797,0.23241681
87.390175,139.32352,0.92603326,0.20791076
81.66335,121.33666,1.0076138,0.22200641
78.7344,114.938194,0.90862876,0.21329524
77.97841,115.39553,0.9059837,0.20527892
73.01508,115.74827,0.9069661,0.17843829
80.8178,120.21199,0.9671534,0.20714544
81.75528,118.199486,0.91937906,0.2307316
76.043015,123.03384,0.8885063,0.1780217
78.42118,120.459,0.8998616,0.19985136
77.91776,117.63238,0.87384105,0.20435564
81.13202,121.44311,0.8833622,0.23500374
88.86244,130.2734,1.1464286,0.22461843
78.5675,117.53604,0.95095074,0.20490496
74.71536,124.36804,0.91788316,0.17547709
81.482445,130.74982,0.9278413,0.19491602
73.22804,120.0321,0.9224665,0.18374017
73.87587,121.013466,0.88856924,0.18790358
75.52978,123.742096,0.8856471,0.18454923
88.46266,129.23337,0.87935495,0.26082253
78.05611,124.334946,0.8808179,0.2211002
81.71508,127.72114,0.907529,0.20623836
105.21064,154.51382,1.0217152,0.3303747
86.04789,129.4972,0.9281688,0.22889224
88.23474,131.254,0.9334612,0.2590459
77.703255,115.46876,0.93688715,0.22142322
82.55298,122.24503,0.9986702,0.21265973
85.08736,127.55057,0.9417075,0.2256728
81.864204,123.831856,0.9035858,0.21508823
79.92227,123.50702,0.8945208,0.20352755
74.53296,118.46211,0.8591181,0.18273567
74.68157,118.1238,0.87276894,0.1916055
83.23677,122.64193,0.99308634,0.21069278
76.92013,119.205734,0.9043201,0.19291496
93.160286,163.083,1.0237397,0.19611569
90.792435,135.09735,0.9217644,0.23181425
85.88679,139.59085,0.9495412,0.21535367
115.428955,200.20168,1.1668773,0.22958659
109.125656,151.72159,0.9459039,0.2944838
98.71376,146.23764,0.966642,0.30685166
77.03663,121.41991,0.89267623,0.22104079
76.966,122.569984,0.87447935,0.19144389
