MAE,MSE,SFN,MAPE
25.282492,36.99139,0.000470321,0.28030166
20.88323,32.40749,0.0003773558,0.18968686
49.723526,73.04526,0.0006021725,0.33180645
18.783672,27.439392,0.0003027898,0.17486143
26.081522,44.30596,0.00039785897,0.16863512
15.952477,23.668335,0.00026425123,0.13948508
17.9049,27.119455,0.00027724716,0.14850216
14.895047,22.08435,0.00024462445,0.12875643
16.224865,23.72045,0.00024351208,0.16213359
14.722916,21.858316,0.00023489655,0.124735914
25.738163,35.063496,0.00025640594,0.24017377
13.657851,21.02975,0.00022129748,0.11385198
16.834087,26.67155,0.00023383141,0.12721808
12.881391,19.67729,0.00021260392,0.110125236
14.384987,23.498175,0.00021735864,0.110458195
16.475895,25.010214,0.00025646295,0.14675488
45.33199,59.928535,0.00035505235,0.3443318
13.02035,19.913061,0.00020207324,0.10694227
11.981427,18.828737,0.0001970626,0.0993779
15.339142,23.869114,0.00023166614,0.12643544
12.784961,19.599634,0.00020021581,0.1148806
15.446964,24.505976,0.00025034984,0.127467
28.263073,38.380024,0.00023228515,0.21895358
14.859511,23.457123,0.00020714769,0.11210765
13.729279,20.409023,0.00019331103,0.11328028
12.352761,19.052895,0.00018894403,0.10276815
10.907718,17.002844,0.00019335977,0.09094785
12.965085,19.466791,0.00019024094,0.11184148
13.420662,20.352253,0.00018869677,0.11725805
12.289187,18.84148,0.00018763125,0.10298478
10.620596,16.479263,0.00019819294,0.09007058
12.159108,18.048311,0.00017755176,0.10993016
17.177673,22.51843,0.00019306841,0.16413273
13.021673,19.567242,0.00018483205,0.108732395
18.576008,27.480438,0.0002040181,0.1494545
12.309032,18.676497,0.00018230494,0.10612237
32.468678,49.126827,0.00031707148,0.20805262
11.823833,17.718952,0.00017753738,0.10063273
17.63575,28.154263,0.00020717806,0.12911971
11.065485,17.42345,0.00017614289,0.093732566
14.715721,21.984701,0.00018060373,0.11744159
12.639552,19.994926,0.00019019058,0.104859956
26.949638,36.64122,0.00024422072,0.23632291
11.981944,19.436163,0.00018392604,0.09091964
29.105515,40.840202,0.000284105,0.24077657
11.814897,18.057503,0.00018242867,0.09819147
22.488504,33.91889,0.00023946395,0.16812563
13.282276,21.464252,0.00018130719,0.09884836
17.581474,26.354082,0.00022444989,0.14532618
12.500722,22.088758,0.00019328187,0.088722594
19.320518,29.219498,0.00022035309,0.14863864
12.699054,20.287903,0.00017949328,0.095263
10.351496,15.713544,0.00020622644,0.08673943
14.247395,23.874762,0.00019004414,0.100406535
13.040475,18.386608,0.00017980304,0.113794595
12.334791,19.92035,0.00017641195,0.09363691
13.880129,22.86125,0.000213734,0.10308274
13.799043,22.846346,0.00018629721,0.10121595
33.92336,47.439766,0.00032698046,0.25676182
10.605629,17.030893,0.00016493298,0.08728924
21.481699,31.61612,0.00022943197,0.17015679
11.7349,18.106255,0.0001724563,0.099456556
16.72158,26.014091,0.00020672526,0.12693381
11.641537,17.393757,0.00016688863,0.108309805
21.847622,30.898079,0.00021886111,0.17905073
9.981393,16.540363,0.00016220652,0.077399984
11.4774885,17.058153,0.0001675617,0.09559306
11.8056,18.245434,0.00016647829,0.09245677
10.033854,15.635083,0.00016716598,0.08218374
11.613415,18.976048,0.00017106989,0.09405335
10.823988,16.716469,0.0001780012,0.090584986
12.93815,21.705835,0.00017506594,0.0927148
19.430101,27.706926,0.00019646903,0.1619623
11.778559,22.989801,0.00021731116,0.0839043
23.826735,33.96026,0.0002555818,0.18766657
12.577508,19.820608,0.0001708295,0.09157309
17.359728,25.15363,0.00019561365,0.14519735
11.396501,19.367617,0.0001686028,0.08247256
12.181163,19.04114,0.0001848412,0.09626139
11.857697,19.47866,0.00017026842,0.08696997
21.985884,31.153936,0.00021874018,0.17796092
12.92106,21.82905,0.00017441328,0.08913971
13.044125,19.731007,0.00017704663,0.10718221
16.091751,24.32396,0.00017652336,0.116160534
9.384727,14.943471,0.00015997043,0.08080375
10.313379,16.324654,0.00015961667,0.07936923
10.051364,15.123452,0.00016567437,0.08519897
13.545582,21.49072,0.00018001185,0.10041947
11.563987,17.771315,0.00017312184,0.100662164
14.164199,24.549957,0.00019078626,0.09669152
28.463373,36.724445,0.00023402798,0.24954446
12.368911,21.025827,0.00017224523,0.08934439
11.036318,15.986931,0.00015902196,0.1066226
12.966222,20.885324,0.00017239312,0.09252327
13.521866,20.287628,0.00019895069,0.11437136
13.076922,22.568178,0.00017927356,0.091502495
9.586572,15.115124,0.00015680148,0.07586271
14.578669,22.971123,0.00017697072,0.10153504
9.033275,14.368936,0.00015742809,0.07655717
11.789418,18.542007,0.00016497048,0.08667985
9.899682,16.454002,0.00016581049,0.07828501
18.321714,26.645153,0.00018219101,0.13351855
25.286442,37.517128,0.00023204465,0.17151634
12.758917,20.680498,0.00016742643,0.09148472
18.695217,23.977873,0.00018994224,0.1784422
10.122987,17.064259,0.00016371033,0.07718752
26.054588,35.988026,0.00020936591,0.1987748
17.726772,26.790468,0.0001801026,0.12679952
14.220882,21.78713,0.00016977407,0.11071645
12.925523,20.450329,0.00016878749,0.09860423
12.9924345,19.2743,0.00020956116,0.114657074
15.265767,23.41939,0.00017561766,0.10821767
10.43433,15.836828,0.00015567747,0.08591994
14.292638,21.336605,0.00016672366,0.1062702
9.15807,14.622643,0.00015707921,0.074053854
15.055579,22.34749,0.00016759454,0.114228815
16.377285,23.194296,0.0001786226,0.1377518
15.474659,22.98077,0.00017744709,0.11380315
37.633846,55.65145,0.00033750254,0.24474904
13.448534,21.246109,0.0001697476,0.10333717
24.065811,32.26966,0.00019222261,0.20547777
13.788038,21.263966,0.0001695247,0.10213231
16.297577,25.16123,0.00020771266,0.11733137
17.145943,25.50859,0.00018186047,0.13638301
16.813847,24.522606,0.00023337321,0.13657522
18.777325,27.72392,0.00018602036,0.13526928
24.388248,34.78906,0.00023138207,0.18083285
15.6435795,23.569153,0.00017499492,0.11789452
49.886997,63.54642,0.00038628237,0.4040303
15.68264,23.601358,0.00017499858,0.1181671
52.446648,65.35073,0.0003639275,0.43690008
12.909524,20.128305,0.00016879589,0.10308307
29.18753,37.94492,0.00024569142,0.247399
14.957826,22.16041,0.00016931901,0.11616417
27.535051,38.435215,0.00025232317,0.20700404
16.519604,25.431366,0.00018067745,0.12036298
43.975838,62.188904,0.00047183834,0.31026307
19.733929,28.902187,0.00019349263,0.14597595
68.08431,88.810234,0.00060206937,0.5308974
16.187088,23.607656,0.00017221786,0.12785025
56.362556,73.95099,0.00049471715,0.4375734
16.105457,23.7344,0.00017621224,0.12543683
48.3833,61.424637,0.00034575784,0.39205283
15.178693,22.843178,0.0001754935,0.12176056
28.645344,40.08964,0.00031006354,0.22094443
16.8737,24.913933,0.00017855012,0.12654035
35.881863,48.838726,0.00029614067,0.27862588
14.484375,23.825453,0.00018199356,0.09899565
36.41012,46.18831,0.00027637283,0.30144978
17.862974,28.281189,0.00020718202,0.1380079
20.482632,28.492622,0.00020506608,0.17440799
16.853584,24.30935,0.0001712454,0.13101655
24.277786,32.71264,0.00021771276,0.19845673
17.14272,24.341457,0.00017227666,0.1356859
17.860178,25.296867,0.0001902415,0.14292714
16.833252,24.093145,0.0001718124,0.13382219
18.368933,26.268057,0.00019857884,0.14435324
18.18886,25.830334,0.00017950727,0.14079294
23.895712,32.911053,0.0002145219,0.19142905
15.653754,24.431942,0.0001855801,0.12224032
11.559333,17.62338,0.0001787146,0.10336611
19.153698,27.252645,0.00018437473,0.14422795
14.45292,19.712002,0.00019178691,0.13932917
17.66645,24.392044,0.00018080646,0.13618633
10.915435,18.536396,0.0001839741,0.082680896
9.5735035,15.222709,0.00016229221,0.07323208
10.543763,16.328918,0.00017286834,0.100623496
10.5835905,16.423887,0.0001593092,0.08188599
11.308461,18.087639,0.00018326679,0.089251615
13.345518,21.611853,0.00017519563,0.10196129
10.587046,16.113758,0.00016609841,0.09446995
12.4134245,20.379208,0.00016878298,0.09330565
15.39352,20.072386,0.00017857274,0.15318832
13.814688,20.138382,0.00016779003,0.106577694
15.019472,27.216887,0.00020624523,0.09283068
10.931191,16.770006,0.00016153323,0.085236825
10.477786,18.847519,0.00017255945,0.07541427
10.571269,16.796928,0.00016542494,0.08118745
10.046498,15.696042,0.00017298381,0.08520969
11.516362,19.522772,0.00016785423,0.08273797
17.235401,22.683704,0.00018590766,0.15924917
11.87312,19.106617,0.00016522814,0.089356035
10.903816,18.934015,0.00017947887,0.09088641
9.870632,18.040985,0.00017316417,0.073264085
14.959006,20.932364,0.00017832137,0.12879302
9.793703,16.78395,0.00016688465,0.0754517
14.553215,19.958622,0.00017286043,0.13573797
10.098541,18.222212,0.00016936884,0.07210392
9.918308,17.035234,0.00018162097,0.078683965
19.081526,27.644175,0.00019008973,0.14269234
16.946047,22.641296,0.00017850254,0.1590496
11.35207,18.86098,0.00016927521,0.08791715
27.116625,32.47743,0.00020061817,0.26090848
10.105034,16.977545,0.00016577874,0.07745768
17.89354,22.591568,0.00018184967,0.1812038
11.2367,18.674217,0.00016530143,0.08515121
20.564297,26.487875,0.00018667606,0.1891839
10.296796,18.707834,0.00017596378,0.07704597
25.120924,31.87252,0.0002094659,0.22420181
10.822662,20.528753,0.00018358674,0.07619665
35.66784,45.711006,0.00026187705,0.29803747
15.506763,23.047417,0.000178607,0.12103474
31.137362,38.6204,0.00022576388,0.28752103
12.788865,20.650051,0.0001702991,0.09553347
38.109566,49.57191,0.00029228994,0.3179171
10.535435,19.186735,0.00017944044,0.07865955
60.677376,79.69599,0.0005396631,0.46008867
11.439347,19.535986,0.00017615515,0.08502071
34.45776,41.308075,0.00023340958,0.322207
11.4198675,18.792322,0.0001702261,0.090232246
33.40618,41.622124,0.00024017254,0.28974056
13.529164,22.052921,0.0001768947,0.103891514
29.264595,37.007324,0.00022374208,0.25606987
15.998583,23.202202,0.00017314436,0.1287825
30.64604,38.202545,0.00022523412,0.27042612
12.454717,21.131111,0.00018275059,0.09685877
30.377237,38.146553,0.00022322123,0.26525855
19.524164,27.700218,0.00019342148,0.15368247
23.18324,28.891273,0.00019716044,0.22332093
10.622223,18.376991,0.00017252228,0.081994146
31.359777,39.894005,0.0002281028,0.27259046
16.986977,25.20829,0.00018146078,0.1289196
16.612082,21.465393,0.00019281518,0.16313614
10.507705,17.001556,0.00016765294,0.0817926
12.125326,21.981934,0.00020090016,0.09986068
9.789282,16.49084,0.0001635455,0.07704758
15.461633,20.112265,0.00017487489,0.15042257
10.941197,18.750462,0.00017377085,0.08466754
14.499078,18.605497,0.0001706845,0.14748448
13.888077,21.508482,0.00017131874,0.102620356
15.220921,19.950136,0.00017955349,0.15652567
13.328139,20.49255,0.0001697399,0.10455279
20.814638,28.128464,0.00019266101,0.18624192
9.937999,17.950033,0.00017533943,0.0749741
24.714256,30.102854,0.0002030877,0.23418364
9.652136,17.121471,0.00016977532,0.074773885
11.914013,16.44122,0.00016889618,0.12383391
13.704099,21.08109,0.00016988235,0.10606877
10.383866,16.125757,0.00017299921,0.0983167
12.98147,20.364601,0.00017127646,0.10092116
12.305069,19.443506,0.00018929417,0.11677393
10.788171,20.628117,0.00019472856,0.07780528
26.93436,34.595615,0.0002118698,0.23647356
12.137953,20.644718,0.00017762138,0.089940384
28.688831,39.091644,0.00025469094,0.23091772
13.766054,22.26344,0.0001803101,0.1035156
28.692451,36.304764,0.0002199402,0.2556691
15.241634,23.19108,0.00017500315,0.11680231
21.258987,27.216368,0.00019761661,0.19387348
10.501304,16.217909,0.00016525482,0.09016477
11.659394,17.361897,0.00017618005,0.111616135
9.0528145,15.665811,0.0001659031,0.070282206
13.709986,18.625788,0.00017539767,0.12701274
10.079463,17.40988,0.00016706898,0.07911472
14.696286,19.630623,0.00017649963,0.13649644
12.580795,20.419924,0.0001719405,0.094974205
19.257757,25.105358,0.00018741749,0.17926703
12.359353,20.213655,0.00017524365,0.0920258
21.725147,27.000933,0.00019140006,0.21142076
9.455871,16.184912,0.00016720056,0.07308649
9.748799,15.446804,0.00016880404,0.087049425
10.063943,18.53835,0.00017996467,0.07336683
13.02562,19.07072,0.00017773709,0.1085809
11.426625,23.568464,0.00023038381,0.07642433
13.004823,19.706957,0.00018234596,0.10885106
16.219397,23.888914,0.00018987205,0.12699048
10.568689,16.728346,0.00018283144,0.081852295
8.950466,15.34644,0.00016496294,0.06842688
13.777959,22.95467,0.00018168216,0.09507397
10.873047,17.482141,0.00018403353,0.10004136
13.86288,19.870096,0.00019828606,0.13421863
8.309799,14.36058,0.00016644984,0.0663495
17.772093,26.703289,0.00018595572,0.13325377
10.976833,20.148993,0.00017997427,0.07385272
14.352972,20.18913,0.00018905665,0.15841332
9.226926,16.8806,0.00016525651,0.06853007
13.121724,21.884119,0.00017374195,0.09080737
9.8642845,17.86704,0.00017217432,0.06990334
11.570338,20.366514,0.00018441022,0.095053
9.698957,18.338226,0.00017865314,0.07005526
13.530027,21.54795,0.00017243628,0.09897903
8.800283,15.993025,0.00016809563,0.066517115
9.841464,17.691034,0.00018218617,0.07970586
11.252785,18.514425,0.00016888091,0.0843211
11.542887,21.444626,0.00018661647,0.07847721
10.492024,19.207207,0.00017936966,0.07439225
9.092433,15.942029,0.00017162286,0.07527365
8.953568,16.509747,0.00017037656,0.06563984
15.909837,22.956747,0.00017315116,0.12680252
9.969801,17.749775,0.00019084384,0.07583245
9.475193,15.821037,0.00017787471,0.07804659
9.18811,17.121086,0.00017466822,0.0672519
16.840897,26.683493,0.0001922849,0.12321579
13.980189,25.810944,0.00019949717,0.08793044
16.402674,22.184011,0.00019957125,0.17617948
10.930858,20.174074,0.00017916484,0.07483533
12.117056,18.526333,0.00016798225,0.09831748
10.46,17.901247,0.00018556822,0.07889589
11.372695,19.975195,0.0001876913,0.09426125
10.820949,19.48934,0.00017925039,0.07833495
11.918425,19.957268,0.00017920003,0.09043417
9.306401,16.217329,0.00017776838,0.0729588
13.692443,20.082193,0.00019652446,0.13257295
10.302849,18.619236,0.00017850618,0.07319384
10.345705,18.60508,0.00019328982,0.0871034
10.032665,18.351719,0.0001748543,0.07227986
11.408323,16.806854,0.00017045271,0.11245866
10.244053,17.905258,0.00016882386,0.074447654
9.106754,15.541972,0.00016313665,0.06879217
10.297258,19.633379,0.00019034499,0.071708106
13.675036,19.334717,0.00018782612,0.13058665
8.754217,15.030169,0.00016573365,0.0675735
11.201419,19.728283,0.0001726291,0.07681038
22.249262,36.972248,0.00025368595,0.13262624
17.77114,24.19049,0.0002218645,0.19851682
9.805292,18.414999,0.00017820709,0.069919765
10.854871,20.194658,0.00018532867,0.08342495
16.078745,25.948883,0.00018972869,0.112616114
10.975491,17.531477,0.00017363677,0.104256354
10.191845,18.636324,0.00017685242,0.07418444
11.154754,20.277891,0.0001789983,0.07596051
11.463776,18.813835,0.00017485466,0.08396643
11.5657015,19.061428,0.00017988605,0.10798621
12.089818,20.19084,0.00017253394,0.087278634
11.101392,18.518843,0.00016833279,0.08162755
10.220567,19.158243,0.00017650434,0.069784254
10.11009,18.533613,0.00018268966,0.08258177
9.846698,18.176798,0.00017648886,0.07209702
12.394268,22.990238,0.00019409512,0.08219603
8.712422,14.686153,0.00016274558,0.06720313
10.130764,18.724245,0.00017119225,0.072092734
11.951125,20.416426,0.00017460545,0.087670945
12.83728,20.787199,0.00017155155,0.09373769
9.045183,14.789858,0.00016834773,0.07066884
12.429608,19.618979,0.00019820091,0.10998307
10.964682,18.91078,0.00017437438,0.079788856
16.7354,26.04901,0.00019071106,0.12303671
8.328083,14.838672,0.00016650694,0.06384531
9.505142,16.343906,0.00016846195,0.08241085
9.690762,18.336758,0.00017695485,0.06955573
12.2767315,18.83971,0.00016697028,0.09657982
11.403983,17.68717,0.00017944183,0.087120935
10.492885,19.00281,0.00018437572,0.087475255
15.220638,23.948145,0.00018431291,0.112217695
14.1891365,25.908636,0.00021085593,0.09384947
9.114813,15.138976,0.00017553188,0.07656998
10.320835,17.446838,0.00017417126,0.091190524
11.112958,22.828217,0.00021456875,0.07386328
12.5908575,19.58122,0.00017559268,0.10065424
8.778448,14.151345,0.000178603,0.0700197
9.112019,16.575644,0.00017146478,0.06666893
10.592425,18.814983,0.00017421115,0.076524064
15.516417,24.844435,0.00018930358,0.11745547
12.425568,18.950592,0.00016748073,0.09840049
10.899107,20.698431,0.0001908985,0.08073618
11.694667,19.352823,0.00017101387,0.08545329
13.497651,20.522377,0.00017279656,0.10990781
10.203308,18.575665,0.00018031793,0.074354894
9.960038,17.731161,0.0001696267,0.076372996
11.320811,17.899017,0.00016558854,0.08856178
11.002176,21.540892,0.00020328055,0.07635068
12.355491,19.476213,0.00017365464,0.09403867
12.643187,22.879375,0.0001981322,0.087994985
11.432517,20.885221,0.00018368656,0.078109056
11.8860035,18.949116,0.00017560665,0.09552222
18.991257,29.949091,0.00022476273,0.1383244
9.988824,18.57824,0.00019211473,0.07389466
9.171217,15.65643,0.00016760269,0.06952054
12.00629,21.095516,0.00018246363,0.090461686
28.7305,44.197445,0.00027847593,0.18879727
16.544306,29.192055,0.00020754946,0.100656785
9.861017,17.843431,0.0001692509,0.06969153
9.081439,16.750051,0.00017021377,0.07058068
18.978329,30.479113,0.0002020651,0.13080648
17.203632,28.85157,0.00020786705,0.114729956
10.929832,20.63636,0.00018384603,0.075106695
8.887482,15.656627,0.0001724097,0.06895702
20.048061,32.38908,0.00022525027,0.13126554
11.90269,21.528814,0.00018722337,0.08163623
8.568299,14.998647,0.00016461845,0.06506273
9.266704,16.293417,0.00017330569,0.07363977
21.300274,33.73941,0.0002249453,0.1426999
11.074575,21.044456,0.00018506865,0.07284038
8.80064,15.627745,0.00016384921,0.0650877
9.089079,15.823173,0.0001663326,0.07538257
15.558572,24.530418,0.00018976186,0.1128583
10.312078,18.68068,0.00017184742,0.07284595
10.099896,17.691217,0.00016645186,0.07360902
9.279775,17.00427,0.00017173529,0.07205646
22.50736,34.829407,0.00021839158,0.15566061
10.528961,19.812334,0.00017749621,0.07043534
9.240636,17.516186,0.00017603686,0.06689634
9.880837,17.663443,0.00016901668,0.07084122
16.590342,26.439867,0.00021360215,0.11366579
9.162831,16.113665,0.00016828038,0.07375795
9.934326,19.821365,0.00019050657,0.0684099
10.374964,20.101685,0.0001835837,0.07180908
20.379196,30.885035,0.00021004194,0.15320784
10.591089,20.25173,0.00018301708,0.07283293
11.589628,20.66792,0.00017686129,0.07948921
9.144301,16.327757,0.00017231035,0.069561735
9.3844595,15.538998,0.00016813287,0.07430803
10.03019,17.75355,0.00018745434,0.08156013
10.514086,20.183346,0.00019006568,0.07499718
9.390667,17.83186,0.00018442748,0.07195136
11.441701,18.785889,0.00017132326,0.088074684
9.035221,15.6710205,0.00017412327,0.074741535
10.147254,17.100376,0.00016786043,0.077027865
9.302965,16.597422,0.00016751593,0.0685123
14.918195,23.534954,0.00018981376,0.11132117
10.757469,19.37125,0.00018062016,0.076458976
11.465174,19.837296,0.0001731763,0.08331909
10.879962,21.613,0.0002015577,0.07484969
19.942446,30.958094,0.00020721668,0.13920178
12.4864645,22.774895,0.00018591642,0.08100457
10.120725,17.247957,0.00016610035,0.0762294
9.531836,16.736277,0.00016912268,0.071191944
19.7772,31.34255,0.00022424248,0.13836943
9.2922735,17.91862,0.00017882849,0.06876159
9.809436,15.780826,0.00016363099,0.07748367
9.057891,16.605387,0.00016734352,0.06806995
16.995031,27.761854,0.0002034944,0.12172897
12.74785,24.771544,0.00020039492,0.079143375
11.405786,20.616724,0.00017781029,0.08085974
13.117157,23.863733,0.00019194077,0.08632131
16.709526,24.074194,0.00017598602,0.13925101
12.122919,22.604662,0.0001893448,0.07931096
10.560357,18.261105,0.00016927952,0.079716936
11.205215,19.446304,0.00017111708,0.08060695
15.277498,22.676924,0.00017558083,0.123843305
12.06496,21.65641,0.00018186508,0.081762336
10.078396,17.563305,0.00016588277,0.07530478
10.520307,19.045406,0.00017122179,0.07327262
18.225271,27.19951,0.0001915208,0.13373213
12.769335,22.768595,0.00018409947,0.08539052
9.81586,17.287888,0.00016758578,0.073389865
12.613071,20.747158,0.00017200033,0.094405055
20.016512,29.807014,0.00019152954,0.14884189
11.35435,21.435574,0.00018093422,0.07291999
10.395545,18.42794,0.00016908572,0.07658488
13.07534,20.837082,0.00017334422,0.09883077
12.161274,20.503017,0.00017934415,0.09637233
11.319863,21.77374,0.00019050033,0.074333735
12.747352,21.084188,0.00017575984,0.09408241
10.39249,19.111553,0.00017803497,0.07445323
18.742422,29.733286,0.00020242782,0.13427536
13.867128,23.019703,0.0001766192,0.09361261
9.981663,18.74634,0.00018197959,0.07291946
9.458848,15.798824,0.00016621155,0.076276354
9.420079,15.905549,0.00017371241,0.072542526
10.286283,19.942802,0.000191794,0.0725479
11.806961,20.037281,0.00017593241,0.085596345
10.120407,17.959143,0.00017116204,0.07312494
12.460279,20.655687,0.00018609656,0.095711105
13.8376045,21.441795,0.00017663711,0.10706267
9.831932,17.278427,0.00016693884,0.07368722
10.654255,20.807404,0.0001950471,0.07629992
21.546108,31.736628,0.00020437833,0.15928106
10.83115,20.497948,0.00018044794,0.07406406
10.727392,18.642836,0.0001697798,0.078739755
9.592873,17.20849,0.00017169272,0.06980442
13.812644,22.187204,0.00017468818,0.10623161
13.758699,24.839357,0.00019286286,0.08953546
11.127551,20.450779,0.00017757136,0.07823615
8.601844,15.461941,0.00016333612,0.06598008
22.9641,36.260555,0.00023671908,0.15315047
9.702308,17.330734,0.000172469,0.07244099
10.181803,17.085392,0.00016463692,0.078227855
12.207109,22.77653,0.00018880596,0.080110215
23.504154,35.22129,0.00022086954,0.16816162
11.461769,21.998674,0.00019033797,0.07967121
10.375088,20.489037,0.00019821303,0.07248977
12.989684,24.33971,0.00020152052,0.085499205
17.249197,27.004501,0.00018776726,0.13222094
10.2432785,19.33799,0.00018180157,0.07436497
10.84389,18.805294,0.00017147807,0.08190136
8.95606,15.042214,0.00016753549,0.0695588
13.985244,25.22235,0.00020115146,0.090958714
10.39223,18.624617,0.00017237903,0.07493164
10.552725,19.154114,0.00017372666,0.07766333
10.7658,19.43488,0.00017483624,0.0782366
16.769466,29.4134,0.00022285162,0.1089033
11.135396,21.855145,0.00018886126,0.072790965
12.6944065,22.09437,0.00018066332,0.09156893
9.136061,15.9867325,0.00017178524,0.07082289
11.287485,18.93028,0.00017161782,0.0886422
11.414215,21.785057,0.00018727826,0.07453272
11.532504,23.018097,0.00020700789,0.07853112
12.358499,22.014465,0.0001851841,0.086020194
10.837405,16.539179,0.00020041062,0.092558295
10.36701,20.518421,0.00019751166,0.07212189
12.164042,20.716642,0.00017926231,0.09083543
9.269913,16.050737,0.0001746719,0.072835885
12.408651,18.011463,0.00018068292,0.103063025
9.0335865,16.727129,0.00017590015,0.06870996
11.209622,19.456873,0.00017572315,0.08699384
10.940168,22.039427,0.0002089504,0.076139666
14.497081,22.420862,0.00021937561,0.10472998
9.728981,17.413681,0.00018598013,0.07751714
12.406908,22.90027,0.0001995655,0.09081547
9.239542,15.835399,0.00017536491,0.07249675
17.486338,24.494276,0.0002046406,0.1378273
9.491319,17.55508,0.00017519813,0.071800895
12.831692,20.99012,0.00017233242,0.09602549
9.779502,17.82612,0.00017169799,0.07278228
13.648555,21.258823,0.00019334334,0.1005748
12.654783,24.345625,0.00019970372,0.08163104
14.944386,24.20918,0.00018395153,0.10712199
10.980101,17.413645,0.00018241498,0.09071496
10.966461,20.214518,0.00019034231,0.07582554
10.66694,19.179874,0.0001769592,0.07381404
10.299436,17.29021,0.00016763525,0.08056345
11.568692,22.08124,0.00020514379,0.08020567
13.507114,21.819374,0.00017962663,0.102099456
14.889173,26.670496,0.00020094475,0.09373358
12.343543,21.293606,0.0001833989,0.09411342
10.664408,19.141008,0.0001743161,0.077418014
12.361258,18.99722,0.00018971064,0.09295781
14.19619,25.052505,0.00019725565,0.096239835
11.92699,20.558582,0.0001746461,0.08362126
9.356062,16.260958,0.00017151439,0.07578558
9.01655,16.830076,0.00017158703,0.06579194
12.808421,22.959772,0.00018816144,0.08571283
10.207185,18.020714,0.00016820036,0.07279196
10.585302,16.931335,0.00017741935,0.090415396
11.394916,17.370148,0.00017815197,0.09320641
15.2899475,25.723507,0.00019483357,0.10771841
10.31481,18.049936,0.00016861198,0.07563319
9.362617,16.25773,0.0001689063,0.07651614
9.205816,16.683964,0.0001739835,0.06935458
12.076045,22.470882,0.00019579097,0.08088891
9.03301,16.374626,0.00017061268,0.068200424
10.700611,20.559551,0.00019614551,0.078923225
8.858841,14.658669,0.00017101452,0.0706237
9.100113,15.705483,0.0001729162,0.07292028
9.025109,15.786196,0.0001652934,0.06930955
8.85711,15.562276,0.00016541182,0.06792544
10.237422,18.193544,0.00018163877,0.07216722
11.754402,20.645336,0.00017508998,0.0815305
10.93128,19.360716,0.00017208057,0.07964471
9.597874,17.84989,0.00017999405,0.0721237
12.632916,19.514294,0.00022050524,0.097904064
11.14686,21.312296,0.00019588896,0.07703189
11.971828,21.069845,0.00017972871,0.08401076
11.410847,21.78273,0.00020260889,0.078606464
10.600272,16.448856,0.00017140935,0.0883993
9.340678,15.832672,0.00017116834,0.078069255
10.617855,18.546644,0.00017565521,0.082159825
9.869974,17.704023,0.0001723853,0.07078575
13.33016,23.07513,0.00019187292,0.09304603
14.174292,19.958649,0.00019462827,0.142513
9.866002,17.195068,0.00016879273,0.07394093
10.532839,18.593819,0.00017071165,0.07365505
9.745432,17.591135,0.00017635529,0.07557787
9.850251,18.915174,0.00018450156,0.07229425
10.912595,19.33404,0.00017553478,0.08065928
9.723638,17.57935,0.00017012554,0.06980439
12.419452,20.394577,0.00017414983,0.093554355
9.940525,17.552599,0.00018157612,0.08177314
11.323626,20.55018,0.00018206121,0.08272778
14.768162,24.83795,0.00018952823,0.10080266
18.455462,29.02367,0.00019723117,0.13471931
10.241823,16.412567,0.00017336302,0.09048297
10.286843,18.662764,0.00017662902,0.07720388
17.249985,27.722588,0.00020500777,0.121196866
18.38546,28.003078,0.00019270102,0.13433109
14.550426,20.810244,0.0001985133,0.14041904
11.008629,19.781258,0.00017744245,0.079519525
9.065868,16.033009,0.00016901232,0.06805362
9.996653,18.037292,0.00017484483,0.073505916
10.389591,17.202482,0.00018225725,0.0933987
10.576138,18.762194,0.00017425309,0.07863197
15.794591,25.071226,0.00018722076,0.117638215
10.771033,20.940586,0.00019859709,0.077410966
10.078586,18.623299,0.00017612723,0.07831079
11.267279,20.540699,0.00018231176,0.08235906
17.595413,27.92059,0.00020175408,0.12326455
10.191591,17.107973,0.00017523333,0.084149726
11.781116,18.5477,0.00018753353,0.10419266
10.144436,18.425264,0.00017352532,0.0741609
11.142653,18.97821,0.00017281582,0.08532129
8.661179,14.687242,0.00017148638,0.06778227
10.472638,17.599102,0.00017738638,0.091959566
10.730738,20.176632,0.00017955618,0.07499369
9.484939,17.524418,0.00017083866,0.06841028
13.407007,20.102575,0.0002132043,0.1096169
9.940374,19.29192,0.00018481257,0.07065187
11.027253,19.405582,0.00017449996,0.07969196
13.168766,22.076101,0.000180217,0.09651493
9.22958,16.043955,0.00017568162,0.07275374
12.431703,17.415537,0.00017567728,0.12844671
8.839695,16.030565,0.00016803297,0.06749893
13.538423,22.071632,0.00017665261,0.10050209
9.849652,16.897367,0.00017805531,0.08161057
11.838256,20.593307,0.00019673156,0.10396086
10.627758,18.966501,0.00017295014,0.07714997
9.193681,16.263489,0.00016974326,0.07008827
13.348416,19.231625,0.00017979968,0.11122921
10.593251,20.949406,0.00019315268,0.07586084
10.01541,19.345991,0.0001869675,0.07117118
15.037523,25.64904,0.00020673597,0.10563127
13.488064,20.573833,0.00021388268,0.104031704
10.640126,18.63108,0.00018341542,0.09072375
9.805968,18.212221,0.0001746355,0.071390055
10.963394,18.425123,0.00017101604,0.08635535
15.0886755,21.815502,0.00019025175,0.119143836
10.123444,19.099215,0.00018453016,0.0787502
11.406215,21.369432,0.00018531064,0.07761257
10.188546,17.95942,0.00017320804,0.07753773
11.412286,17.421827,0.0001769995,0.09076681
11.339888,21.025509,0.00018458479,0.07490832
10.252384,19.134539,0.00018162235,0.07364621
14.646753,25.635376,0.00020918756,0.101543285
8.9698305,14.675823,0.00017117437,0.07062539
10.579726,19.492008,0.00017984307,0.07249316
11.168496,18.408846,0.00016825965,0.08344399
9.804667,16.547606,0.00017677288,0.07965792
12.048157,22.894966,0.00021714109,0.0806377
9.140358,16.735771,0.00017248275,0.07180121
10.084189,17.223553,0.0001655243,0.07265262
10.042747,16.598759,0.00018105052,0.08100263
15.696237,22.190245,0.00021108947,0.13392194
12.416332,24.285227,0.00020417529,0.07663145
10.075477,18.418354,0.00017433503,0.07131318
8.92114,16.186167,0.00016858954,0.067853406
9.876836,17.902046,0.00018050904,0.075406216
10.496559,19.822107,0.00018864711,0.08102308
8.893726,16.25026,0.00016727592,0.065808125
16.474642,25.513958,0.000190823,0.12626591
10.738104,20.558105,0.00018873876,0.0720739
11.10074,21.228619,0.00018408048,0.07266789
10.777318,21.662003,0.00020237456,0.07325714
14.359829,23.006346,0.00018233231,0.11273131
10.650781,16.974667,0.00018228457,0.08184015
10.622642,19.340422,0.00019241298,0.083142504
10.732227,20.961903,0.00019176088,0.072412685
10.386912,17.644714,0.00017011663,0.081363976
10.512609,15.912709,0.00017808641,0.09606722
11.414803,21.437487,0.00018757957,0.07885032
11.08583,18.952568,0.00017000898,0.08017144
9.125083,15.572338,0.00017491092,0.070907466
10.998538,20.670118,0.00019914021,0.08595031
12.876288,23.43715,0.0001905862,0.083470315
10.074196,19.13404,0.00017667416,0.069242224
14.454064,26.148321,0.00021967928,0.09855167
11.399172,17.985943,0.00019439367,0.09562811
12.693909,19.378508,0.00019324616,0.12302747
9.711244,18.53804,0.00018184273,0.06912276
9.522301,16.670565,0.00018048915,0.07455367
10.383057,15.840753,0.00017293904,0.0835867
12.679525,24.088121,0.00019694421,0.07914082
10.356868,19.632114,0.00017510958,0.06924511
10.603212,17.180693,0.00017973085,0.08821458
11.957841,22.561096,0.00020426408,0.07973753
11.865846,22.157045,0.00019155967,0.07854746
9.539622,16.929739,0.00016550795,0.0674287
16.920952,27.000282,0.00020745983,0.12991625
9.422884,17.22126,0.00017910279,0.06975238
10.1961775,18.658678,0.00018813626,0.084880516
9.597534,18.080349,0.00017884433,0.068850644
9.770233,17.585613,0.00018611162,0.07567502
11.544077,21.129532,0.0001878279,0.07911158
13.153422,25.200216,0.00020354196,0.07960909
9.616358,17.852682,0.00016739545,0.06673213
10.058516,17.045452,0.0001775388,0.08331585
9.786952,17.937868,0.0001739673,0.07196596
11.463149,21.955257,0.00019925574,0.077009924
9.294523,17.448917,0.00017395536,0.06713414
13.448624,23.617054,0.000200019,0.094529614
9.003527,14.847427,0.00017134352,0.06975208
10.776182,18.418877,0.00019196418,0.09615153
9.460433,17.657413,0.0001769791,0.067442015
9.576189,17.161215,0.00018377988,0.0755078
8.873325,15.663297,0.00017218276,0.06848542
10.32833,17.831404,0.0001803699,0.09199162
10.079258,19.130362,0.00018533425,0.07157801
15.482678,24.214128,0.00018572742,0.11803629
9.02478,15.207448,0.00017271323,0.07275853
10.985112,20.350508,0.00018243586,0.07488975
10.236555,18.847267,0.00017548855,0.072256416
9.393154,17.569368,0.00017408513,0.06780309
13.082891,20.958942,0.00017679896,0.10128893
11.363035,21.400925,0.00018791015,0.07630371
11.450077,21.640154,0.00018685052,0.07689357
10.839754,20.134104,0.00017841432,0.07380944
16.7559,25.730452,0.00019146914,0.12656572
11.378846,21.099632,0.00018464187,0.074546546
11.467684,19.49587,0.00017159736,0.08138341
15.905687,28.757826,0.00023311672,0.1046705
17.551292,26.535812,0.00018913834,0.13713944
13.350815,18.835655,0.00018941434,0.1372268
9.689585,18.058325,0.00018305362,0.070880435
10.325253,18.198673,0.00017956538,0.07428052
16.495642,30.355215,0.00024062343,0.100795165
13.436471,19.787865,0.00019111454,0.14462803
9.340731,16.788816,0.00016759752,0.06744543
10.436377,18.279245,0.00019377153,0.08469586
10.737892,21.271727,0.00020285997,0.07749104
13.085097,24.719574,0.00019748561,0.08336182
11.549071,22.960272,0.00020725855,0.077763066
10.509402,19.185595,0.00017719834,0.07459305
11.741311,19.231667,0.000180257,0.10066161
11.208407,21.773762,0.00019760129,0.08093269
9.95951,18.727623,0.00017504363,0.069727235
9.725736,18.451681,0.00017850459,0.069555715
11.314079,20.402683,0.00018047966,0.08297644
11.237785,19.025507,0.00018649043,0.10633243
9.880732,19.08378,0.00018323377,0.06941565
9.98085,18.376402,0.00017688429,0.07262329
11.139597,17.98294,0.00019810135,0.093976766
10.740344,20.69063,0.00018698756,0.07704542
9.835588,18.643255,0.00017661911,0.06935282
14.065146,23.389954,0.00019204049,0.107459985
8.932773,16.138533,0.0001738525,0.069288895
10.72735,20.102194,0.00018374751,0.081052236
11.004095,22.379368,0.00020531501,0.072452076
9.505175,17.442656,0.00017241752,0.06904053
12.111901,18.108881,0.00018059979,0.09462218
12.614635,23.441416,0.00018960238,0.08082121
11.66533,20.398987,0.00017409404,0.08149184
11.558204,20.446857,0.00017927546,0.083036214
15.8823595,22.021894,0.00018380655,0.13414535
13.983612,24.944946,0.00019245943,0.08826003
9.684993,17.349684,0.00016709762,0.06901583
14.1645355,24.2998,0.00020115012,0.10221905
8.935175,15.831404,0.00017626463,0.06928301
10.269307,19.232515,0.00018090053,0.07604407
8.520206,15.121004,0.0001632759,0.06521706
14.251139,23.090256,0.0001819181,0.10968339
12.901983,20.480133,0.00018789158,0.09453289
18.478771,31.367264,0.00022791227,0.11764261
10.892698,20.336079,0.00017789096,0.072264664
